date, pm25, pm10, o3, no2, so2, co
5/2/2020,55,29,34,9, ,2
5/3/2020,48,22,27,6,1,2
5/4/2020,37,34,39,12,1,3
5/5/2020,56,35,47,17, ,4
5/6/2020,57,37,52,21, ,4
5/7/2020,55,37,64,20, ,4
5/8/2020,59,43,25,25, ,6
5/9/2020,78, , , , , 
4/2/2020,49,25,29,5, ,1
4/3/2020,47,28,32,11, ,2
4/4/2020,50, ,30,7, ,2
4/8/2020,13,7,28,8, ,2
4/9/2020,15,5,22,6, ,1
4/10/2020,11,6,26,8, ,2
4/11/2020,12,13,30,8, ,2
4/12/2020,33,14,23,4, ,1
4/13/2020,29,10,26,6, ,2
4/14/2020,21,19,29,11, ,3
4/15/2020,34,21,37,14, ,3
4/16/2020,35,25,34,11, ,3
4/17/2020,44,17,25,7, ,2
4/18/2020,30,12,27,3, ,1
4/19/2020,21,13,28,1, ,1
4/20/2020,19,20,27,6, ,2
4/21/2020,30,26,28,8,2,2
4/22/2020,37,26,35,11, ,3
4/23/2020,43,39,35,19,1,3
4/24/2020,59,31,43,13,1,3
4/25/2020,49,31,67,12,1,2
4/26/2020,56,29,54,13,1,3
4/27/2020,61,32,38,14,1,3
4/28/2020,60,34,28,15,1,3
4/29/2020,62,33,32,12, ,2
4/30/2020,68,32,30,9, ,2
5/1/2020,65,31,33,9, ,2
3/2/2020,38,22,17,15, ,5
3/3/2020,31,28,25,22,1,4
3/4/2020,38,39,24,18,1,5
3/5/2020,59,40,31,17, ,5
3/6/2020,64,37,26,17,1,5
3/7/2020,63,13,25,6, ,2
3/8/2020,25,8,25,7, ,2
3/9/2020,19,20,21,13, ,3
3/10/2020,29,10,13,9, ,2
3/11/2020,25,14,19,9, ,2
3/12/2020,27,18,8,16, ,5
3/13/2020,38,10,14,14, ,2
3/14/2020,31,11,23,12, ,2
3/15/2020,30,10,29,5, ,2
3/16/2020,22,22,22,11, ,3
3/17/2020,32,11,25,13, ,3
3/18/2020,24,17,28,13, ,3
3/19/2020,28,14,24,11, ,3
3/20/2020,24,16,25,8, ,2
3/21/2020,21,11,29,6, ,2
3/22/2020,26,11,26,6, ,2
3/23/2020,21,9,29,4, ,2
3/24/2020,15,15,27,8, ,2
3/25/2020,23,11,28,4, ,1
3/26/2020,16,11,28,7, ,1
3/27/2020,17,18,30,10, ,2
3/28/2020,27,20,32,6, ,1
3/29/2020,34,23,31,6, ,2
3/30/2020,41,21,30,8, ,2
3/31/2020,39,25,27,15, ,3
4/1/2020,43,25,31,14,1,2
2/2/2020,34,26,21,19, ,5
2/3/2020,47,28,30,6, ,2
2/4/2020,16,33,10,33, ,6
2/5/2020,31,24,16,28, ,5
2/6/2020,26,32,24,25, ,7
2/7/2020,45,36,27,27, ,7
2/8/2020,58,39,32,23, ,8
2/9/2020,70,20,27,12, ,2
2/10/2020,46,25,24,23, ,5
2/11/2020,36,34,27,24, ,4
2/12/2020,34,39,24,24, ,5
2/13/2020,45,42,28,20, ,5
2/14/2020,56,42,29,25, ,7
2/15/2020,63,38,29,22, ,6
2/16/2020,64,35,36,19,1,6
2/17/2020,63,38,33,24,1,7
2/18/2020,70,41,28,20, ,5
2/19/2020,71,43,29,15, ,4
2/20/2020,77,39,30,26, ,6
2/21/2020,64,32,31,24, ,5
2/22/2020,47,16,26,6, ,1
2/23/2020,32,23,27,10, ,3
2/24/2020,41,34,26,17,1,6
2/25/2020,58,33,29,24,1,7
2/26/2020,49,34,26,26, ,7
2/27/2020,42,33,23,29, ,7
2/28/2020,34,26,25,24,1,5
2/29/2020,29,24,30,15, ,4
3/1/2020,45,22,29,6, ,2
1/2/2020,63,32,18,24,1,7
1/3/2020,63,31,12,32,1,8
1/4/2020,54,38,17,29,1,9
1/5/2020,68,29,20,25,1,8
1/6/2020,62,26,20,29,1,7
1/7/2020,40,25,17,27,1,5
1/8/2020,28,28,18,24,1,6
1/9/2020,49,26,21,22,1,5
1/10/2020,45,27,15,25,1,7
1/11/2020,47,28,19,21, ,7
1/12/2020,55,27,26,17, ,5
1/13/2020,58,33,24,21, ,6
1/14/2020,61,34,22,24, ,7
1/15/2020,62,43,21,26, ,8
1/16/2020,81,35,23,21, ,6
1/17/2020,70,16,21,19, ,4
1/18/2020,30,24,21,23, ,5
1/19/2020,32,23,18,25, ,6
1/20/2020,32,31,14,28, ,7
1/21/2020,60,17,23,17, ,4
1/22/2020,39,26,18,21, ,5
1/23/2020,47,29,19,25, ,8
1/24/2020,48,30,12,30, ,8
1/25/2020,53,39,13,29, ,9
1/26/2020,85,44,21,16, ,4
1/27/2020,110,38,17,25, ,6
1/28/2020,70,25,12,30, ,6
1/29/2020,33,38,24,25, ,5
1/30/2020,37,38,19,29, ,7
1/31/2020,35,35,20,30, ,9
2/1/2020,40,26,26,26, ,7
10/2/2019,44,34,43,21,1,5
10/3/2019,51,35,42,24,1,6
10/4/2019,52,35,33,22,1,6
10/5/2019,56,38,55,23,1,6
10/6/2019,58,36,73,23,1,6
10/7/2019,61,35,46,27,1,6
10/8/2019,58,34,33,25,1,6
10/9/2019,60,30,35,12,1,2
10/10/2019,58,41,36,16,1,3
10/11/2019,55,44,39,27,1,6
10/12/2019,48,43,54,23,1,6
10/13/2019,71,46,41,21,1,6
10/14/2019,70,40,37,16,1,4
10/15/2019,58,46,38,26,1,6
10/16/2019,67,40,36,30,1,6
10/17/2019,55,45,38,19,1,3
10/18/2019,63,38,32,18,1,4
10/19/2019,50,33,33,21,1,6
10/20/2019,52,34,35,21,1,5
10/21/2019,51,29,38,24,1,5
10/22/2019,34,34,38,31,1,7
10/23/2019,44,40,38,38,1,8
10/24/2019,56,46,35,39,1,10
10/25/2019,57,41,20,34,1,9
10/26/2019,43,32,36,26,2,6
10/27/2019,41,31,32,8,1,2
10/28/2019,50,44,35,24,1,6
10/29/2019,58,53,28,26,1,6
10/30/2019,56,53,31,21,1,4
10/31/2019,41,40,30,27,1,6
11/1/2019,43,36,27,28,1,6
11/2/2019,37,47,31,32,1,7
11/3/2019,71,41,38,30,1,7
11/4/2019,65,45,40,33,1,8
11/5/2019,67,43,36,32,1,8
11/6/2019,64,46,25,29,1,7
11/7/2019,73,53,33,27,1,7
11/8/2019,96,47,28,37,1,9
11/9/2019,67,31,30,27,1,7
11/10/2019,43,36,33,20,1,6
11/11/2019,68,41,35,15,1,4
11/12/2019,79,40,31,24,1,8
11/13/2019,75,39,18,22,1,6
11/14/2019,79,36,24,21, ,5
11/15/2019,70,35,13,22, ,6
11/16/2019,65,40,30,26,1,8
11/17/2019,68,27,32,26,1,7
11/18/2019,40,28,32,30,1,5
11/19/2019,32,37,21,32,1,7
11/20/2019,52,19,26,11, ,2
11/21/2019,31,19,23,16,1,3
11/22/2019,35,28,21,22,1,5
11/23/2019,45,23,27,25,1,6
11/24/2019,42,21,30,22,1,6
11/25/2019,38,30,25,24,1,6
11/26/2019,51,67,24,21,1,4
11/27/2019,46,23,21,22, ,3
11/28/2019,27,6,28,6, ,2
11/29/2019,18,12,26,14, ,3
11/30/2019,28,14,20,14,1,4
12/1/2019,31,12,17,15,1,3
12/2/2019,26,24,13,25,1,5
12/3/2019,42,34,2,33,1,9
12/4/2019,54,14,10,23, ,4
12/5/2019,39,20,18,19,1,5
12/6/2019,38,22,7,26,1,6
12/7/2019,44,12,14,14, ,3
12/8/2019,29,14,23,12, ,3
12/9/2019,33,28,13,22,1,6
12/10/2019,43,30,11,24,1,7
12/11/2019,50,30,15,25,1,8
12/12/2019,52,45,9,35,1,9
12/13/2019,78,47,10,31,1,12
12/14/2019,85,37,9,21, , 
12/15/2019,79,16,29,11, , 
12/16/2019,25,20,20,26,1, 
12/17/2019,31,26,22,26,1, 
12/18/2019,32,28,15,31,1,11
12/19/2019,32,35,12,34,1,11
12/20/2019,55,26,18,29,1, 
12/21/2019,35,27,15,30,1,11
12/22/2019,38,25,26,19,1,3
12/23/2019,44,8,25,10, ,1
12/24/2019,26,15,22,15, ,4
12/25/2019,40,13,23,8, ,1
12/26/2019,34,9,28,12, ,2
12/27/2019,24,19,15,24, ,5
12/28/2019,36,22,20,20,1,5
12/29/2019,46,25,22,19, ,6
12/30/2019,56, , , , , 
7/2/2019,58,33,39,13,1,3
7/3/2019,61,35,34,10,1,2
7/4/2019,61,38,36,5,1,2
7/5/2019,73,48,36,10, ,2
7/6/2019,97,31,37,8,1,2
7/7/2019,64,23,37,5, ,2
7/8/2019,55,25,33,8,1,2
7/9/2019,53,30,40,8,1,2
7/10/2019,60,30,39,10,1,3
7/11/2019,59,36,37,18,1,4
7/12/2019,65,37,42,17,1,4
7/13/2019,67,36,50,15,1,4
7/14/2019,68,29,45,8, ,3
7/15/2019,67,33,40,17,1,5
7/16/2019,71,42,39,23,1,5
7/17/2019,72,32,32,11,1,3
7/18/2019,60,29,30,10,1,3
7/19/2019,53,20,27,9,1,2
7/20/2019,43,22,33,7,1,2
7/21/2019,51,17,28,5,1,2
7/22/2019,43,28,36,13,1,4
7/23/2019,57,27,44,15,1,4
7/24/2019,54,29,42,17,1,4
7/25/2019,55,35,42,21,1,4
7/26/2019,60,36,39,19,1,4
7/27/2019,64,32,42,17,1,4
7/28/2019,59,28,35,11,1,3
7/29/2019,60,32,38,14,1,3
7/30/2019,67,32,41,11,1,3
7/31/2019,66,33,34,7, ,3
8/1/2019,65,31,39,14,1,4
8/2/2019,55,32,39,18,1,4
8/3/2019,58,31,43,17,1,4
8/4/2019,60,23,43,12,1,4
8/5/2019,55,27,37,12,1,4
8/6/2019,54,32,39,14,1,3
8/7/2019,59,33,37,12,1,3
8/8/2019,65,30,37,13,1,3
8/9/2019,65,35,45,18,1,4
8/10/2019,64,26,35,14,1,3
8/11/2019,51,18,35,8,1,2
8/12/2019,42,27,35,12,1,3
8/13/2019,55,31,30,11,1,3
8/14/2019,68,27,45,13,1,4
8/15/2019,59,28,40,14,1,3
8/16/2019,62,29,33,13,1,3
8/17/2019,62,19,34,7,1,2
8/18/2019,46,17,33,6,1,2
8/19/2019,45,26,37,12, ,2
8/20/2019,54,30,40,19,1,4
8/21/2019,52,34,46,22,1,4
8/22/2019,55,35,32,17,1,2
8/23/2019,60,30,31,10,1,3
8/24/2019,56,27,44,13,1,4
8/25/2019,55,20,40,12,1,4
8/26/2019,48,28,35,19,1,5
8/27/2019,51,27,34,16,1,4
8/28/2019,51,28,31,11,1,3
8/29/2019,53,26,39,14,1,4
8/30/2019,52,34,41,20,1,5
8/31/2019,57,31,47,16,1,5
9/1/2019,63,29,46,15,1,5
9/2/2019,62,25,40,12,1,4
9/3/2019,54,26,31,16,1,4
9/4/2019,52,29,37,19,1,5
9/5/2019,46,35,33,18,1,5
9/6/2019,55,30,37,17,1,4
9/7/2019,53,32,35,16,1,4
9/8/2019,51,35,31,11,1,3
9/9/2019,46,35,32,13,1,4
9/10/2019,55,31,33,8,1,2
9/11/2019,48,33,38,14,1,3
9/12/2019,61,36,37,19,1,5
9/13/2019,66,37,49,22,1,6
9/14/2019,61,38,64,20,1,6
9/15/2019,60,38,40,18,1,6
9/16/2019,74,33,35,16,1,4
9/17/2019,61,30,34,16,1,4
9/18/2019,64,29,27,15,1,4
9/19/2019,52,25,29,11,1,3
9/20/2019,46, ,33,15,1,4
9/26/2019,59,27,24,9, ,2
9/27/2019,54,21,24,6, ,2
9/28/2019,41,16,22,10, ,2
9/29/2019,26,22,33,7,1,3
9/30/2019,32,26,31,17,1,4
10/1/2019,54,31,35,16,1,5
4/2/2019,42,26,35,14, ,2
4/3/2019,44,11,24,8, ,1
4/4/2019,22,12,24,11, ,2
4/5/2019,24,10,26,8, ,2
4/6/2019,16,14,28,9,1,2
4/7/2019,32,24,38,14,1,4
4/8/2019,50,29,37,24,1,6
4/9/2019,52,48,38,15,1,4
4/10/2019,42,20,40,3, ,1
4/11/2019,17,33,32,22,1,3
4/12/2019,44,30,34,15, ,3
4/13/2019,44,27,38,16, ,4
4/14/2019,50,25,42,14,1,4
4/15/2019,51,29,30,13,1,3
4/16/2019,50,26,28,9, ,2
4/17/2019,46,27,33,16,1,3
4/18/2019,49,35,43,21,1,5
4/19/2019,57,33,35,15,1,3
4/20/2019,68,17,33,6, ,1
4/21/2019,45,16,37,5, ,1
4/22/2019,34,31,30,16,1,3
4/23/2019,56,40,32,18,1,4
4/24/2019,70,41,34,17,1,3
4/25/2019,69,41,33,15,1,3
4/26/2019,74,34,33,13,1,3
4/27/2019,71,29,33,8, ,2
4/28/2019,66,25,31,7, ,2
4/29/2019,58,16,26,7, ,2
4/30/2019,36,15,31,6, ,1
5/1/2019,29,23,32,9, ,2
5/2/2019,43,33,31,14, ,3
5/3/2019,59,36,39,13,1,3
5/4/2019,63,39,41,7,1,2
5/5/2019,69,27,36,5, ,1
5/6/2019,53,13,29,6, ,1
5/7/2019,27,16,24,9,1,1
5/8/2019,27,16,25,8, ,2
5/9/2019,29,17,22,12, ,2
5/10/2019,35,15,20,15, ,3
5/11/2019,31,15,32,11,1,4
5/12/2019,39,21,35,8,1,2
5/13/2019,46,25,32,9, ,2
5/14/2019,50,32,38,10, ,2
5/15/2019,68,25,25,10, ,2
5/16/2019,56,20,32,9, ,2
5/17/2019,34,25,29,11, ,2
5/18/2019,41,28,35,10,1,2
5/19/2019,45,12,34,4, ,1
5/20/2019,28,15,34,6, ,1
5/21/2019,28,27,31,8, ,1
5/22/2019,38,20,29,11, ,2
5/23/2019,33,34,18,14, ,2
5/24/2019,48,22,28,11, ,3
5/25/2019,44,22,31,9,1,3
5/26/2019,43,15,31,4, ,1
5/27/2019,33,15,32,6, ,2
5/28/2019,33,23,29,13,1,3
5/29/2019,46,28,30,15,1,3
5/30/2019,53,37,34,14,1,3
5/31/2019,70,33,36,12,1,2
6/1/2019,70,20,31,7, ,2
6/2/2019,47,13,30,5, ,1
6/3/2019,40,19,32,9, ,2
6/4/2019,47,27,33,11,1,3
6/5/2019,65,31,34,14,1,3
6/6/2019,71,24,37,10, ,3
6/7/2019,61,20,36,9, ,2
6/8/2019,50,24,40,9, ,3
6/9/2019,56,31,47,11, ,3
6/10/2019,63,34,51,18,1,4
6/11/2019,57,36,55,20,1,4
6/12/2019,59,39,35,16,1,3
6/13/2019,67,38,33,10, ,2
6/14/2019,68,29,28,9, ,2
6/15/2019,56,24,35,7, ,2
6/16/2019,58,22,34,6,1,2
6/17/2019,61,17,26,11,1,2
6/18/2019,44,22,31,10, ,2
6/19/2019,51,21,38,8, ,2
6/20/2019,51,19,29,10,1,2
6/21/2019,48,9,22,8, ,2
6/22/2019,26,15,32,5, ,2
6/23/2019,34,20,36,4, ,2
6/24/2019,47,22,33,10, ,2
6/25/2019,54,21,26,11, ,2
6/26/2019,51,19,29,9, ,2
6/27/2019,43,24,39,10, ,2
6/28/2019,51,29,40,12,1,3
6/29/2019,55,28,42,14,1,4
6/30/2019,55,28,42,12,1,4
7/1/2019,55,32,37,16,1,4
1/2/2019,65,24,20,24,1,6
1/3/2019,42,29,19,28,1,7
1/4/2019,41,39,11,33,1,9
1/5/2019,60,37,18,25,1,9
1/6/2019,66,14,28,9, ,3
1/7/2019,35,17,21,15, ,4
1/8/2019,30,23,16,22,1,6
1/9/2019,36,30,18,24,1,7
1/10/2019,55,28,17,20,1,7
1/11/2019,51,35,10,22, ,6
1/12/2019,70,14,26,14,1,4
1/13/2019,32,15,24,16, ,4
1/14/2019,30,10,21,13, ,2
1/15/2019,28,10,24,14, ,3
1/16/2019,25,8,20,13, ,2
1/17/2019,21,10,18,12, ,2
1/18/2019,23,31,12,17, ,5
1/19/2019,51,22,24,17, ,6
1/20/2019,44,18,19,15, ,4
1/21/2019,32,12,31,4, ,2
1/22/2019,17,23,25,20,1,5
1/23/2019,28,25,16,26,1,7
1/24/2019,38,30,18,29,1,8
1/25/2019,41,27,8,31,1,8
1/26/2019,35,24,23,28,3,7
1/27/2019,36,22,29,23,1,6
1/28/2019,40,47,12,37,2,10
1/29/2019,76,51,20,34,2,11
1/30/2019,92,39,21,22,1,6
1/31/2019,67,30,15,19, ,5
2/1/2019,55,18,21,18, ,5
2/2/2019,38,7,27,9, ,2
2/3/2019,20,9,25,9, ,2
2/4/2019,24,11,25,14, ,2
2/5/2019,24,10,29,10, ,2
2/6/2019,16,9,29,7, ,2
2/7/2019,14,20,24,23, ,5
2/8/2019,39,25,26,23,1,5
2/9/2019,45,17,30,14, ,4
2/10/2019,35,12,30,8, ,2
2/11/2019,22,18,30,18, ,4
2/12/2019,25,26,24,27,1,6
2/13/2019,33,20,24,23,1,4
2/14/2019,33,10,23,11, ,3
2/15/2019,23,19,26,14, ,4
2/16/2019,29,14,30,6, ,2
2/17/2019,20,14,30,5, ,2
2/18/2019,19,10,28,9, ,2
2/19/2019,13,14,27,17,1,5
2/20/2019,24,19,22,20, ,3
2/21/2019,33,11,27,15, ,3
2/22/2019,27,18,20,24, ,4
2/23/2019,31,18,32,18, ,3
2/24/2019,34,21,35,18, ,4
2/25/2019,44,30,28,25, ,6
2/26/2019,54,36,25,25,1,6
2/27/2019,63,28,26,16, ,3
2/28/2019,52,23,18,13, ,3
3/1/2019,46,23,21,13, ,3
3/2/2019,48,10,19,11, ,2
3/3/2019,27,8,26,5, ,1
3/4/2019,21,14,24,11, ,3
3/5/2019,20,25,17,23, ,5
3/6/2019,46,10,21,15, ,2
3/7/2019,28,12,29,10,1,2
3/8/2019,20,14,32,9, ,2
3/9/2019,20,18,30,11, ,2
3/10/2019,29,14,30,11, ,3
3/11/2019,38,16,28,17, ,4
3/12/2019,37,27,29,16, ,3
3/13/2019,40,33,32,15, ,3
3/14/2019,42,25,37,24,1,5
3/15/2019,36,20,34,26,1,5
3/16/2019,28,23,39,25,1,6
3/17/2019,35,22,41,17, ,4
3/18/2019,38,32,41,23,1,4
3/19/2019,54,35,33,19,1,4
3/20/2019,67,19,31,11, ,2
3/21/2019,34,18,30,16, ,3
3/22/2019,32,21,33,14, ,3
3/23/2019,38,22,28,12, ,3
3/24/2019,42,21,37,10, ,3
3/25/2019,49,30,36,18, ,4
3/26/2019,55,29,33,21,1,5
3/27/2019,52,20,22,12,1,2
3/28/2019,43,17,30,12, ,3
3/29/2019,28,28,31,18, ,4
3/30/2019,44,24,42,19, ,4
3/31/2019,42,20,53,15,1,4
4/1/2019,40,26,40,22,1,4
10/2/2018,44,29,21,18,1,3
10/3/2018,42,18,17,10, ,2
10/4/2018,32,15,20,7, ,3
10/5/2018,29,21,26,13, ,3
10/6/2018,33,28,29,12, ,4
10/7/2018,52,29,33,8,1,3
10/8/2018,50,31,31,14, ,4
10/9/2018,51,28,29,8,1,2
10/10/2018,47,24,31,10, ,2
10/11/2018,45,21,32,12, ,3
10/12/2018,32,28,31,15, ,4
10/13/2018,39,13,26,6, ,1
10/14/2018,31,22,27,9, ,3
10/15/2018,44,35,37,16,1,5
10/16/2018,35,38,27,28,1,6
10/17/2018,40,35,32,27,1,7
10/18/2018,37,26,37,24,1,5
10/19/2018,33,25,29,23,1,4
10/20/2018,24,25,40,22,1,6
10/21/2018,30,30,42,18,1,6
10/22/2018,52,41,35,14,1,4
10/23/2018,65,47,20,17, ,5
10/24/2018,73,45,36,21,1,5
10/25/2018,67,49,35,22, ,5
10/26/2018,78,44,47,29,1,8
10/27/2018,71,41,44,26,1,8
10/28/2018,72,44,45,22,1,9
10/29/2018,87,53,37,28,1,8
10/30/2018,105,39,37,15, ,4
10/31/2018,67,44,33,25,1,8
11/1/2018,60,39,12,35,1,8
11/2/2018,53,35,32,31,1,8
11/3/2018,49,36,36,31,1,8
11/4/2018,58,36,48,28,1,8
11/5/2018,70,33,29,17,1,3
11/6/2018,66,30,32,12, ,2
11/7/2018,49,34,38,15, ,4
11/8/2018,55,42,35,25,1,7
11/9/2018,65,42,28,32,1,9
11/10/2018,44,42,34,28,1,8
11/11/2018,77,60,39,30,1,11
11/12/2018,122,42,26,30,1,8
11/13/2018,49,40,23,32,1,9
11/14/2018,44,39,20,32,1,8
11/15/2018,43,37,21,30,1,8
11/16/2018,40,44,16,32,1,9
11/17/2018,57,39,30,23,1,6
11/18/2018,69,47,35,25,1,8
11/19/2018,91,49,10,39,1,11
11/20/2018,74,48,28,32,1,9
11/21/2018,72,40,25,24,1,6
11/22/2018,75,16,26,9, ,2
11/23/2018,32,25,25,16, ,5
11/24/2018,50,29,22,18, ,6
11/25/2018,57,26,30,15, ,7
11/26/2018,54,21,24,25,1,5
11/27/2018,30,26,20,27,1,4
11/28/2018,31,27,22,20,1,4
11/29/2018,40,11,26,14, ,1
11/30/2018,24,17,23,13, ,3
12/1/2018,33,17,26,14, ,4
12/2/2018,34,11,30,8, ,3
12/3/2018,19,24,23,23, ,5
12/4/2018,37,28,18,28,1,6
12/5/2018,31,15,17,21,1,4
12/6/2018,31,9,21,15, ,3
12/7/2018,24,18,17,20, ,5
12/8/2018,29,19,22,19, ,5
12/9/2018,34,19,20,18, ,5
12/10/2018,36,25,7,26,1,6
12/11/2018,46,34,12,27,1,9
12/12/2018,58,34,19,23,1,7
12/13/2018,63,34,15,27,1,8
12/14/2018,48,35,5,34,1,8
12/15/2018,39,30,16,27,1,6
12/16/2018,44,31,19,22,1,7
12/17/2018,59,23,22,14, ,3
12/18/2018,41,23,17,17, ,4
12/19/2018,41,32,14,26,1,9
12/20/2018,54,36,14,29,1,9
12/21/2018,52,45,8,33,1,10
12/22/2018,66,45,11,28,1,10
12/23/2018,85,51,18,25,1,10
12/24/2018,108,49,22,21,1,7
12/25/2018,103,15,29,3, ,1
12/26/2018,28,25,22,18,1,5
12/27/2018,38,27,24,17,1,5
12/28/2018,37,17,29,14,1,3
12/29/2018,18,26,20,25,1,7
12/30/2018,39,29,21,24,1,7
12/31/2018,53, , , , , 
7/2/2018,48,19,30,5,1,3
7/3/2018,39,22,32,7,1,3
7/4/2018,45,29,38,5,1,4
7/5/2018,59,37,43,13,1,6
7/6/2018,71,44,63,25,1,12
7/7/2018,66,48,65,17,2,7
7/8/2018,70,36,50,13,1,7
7/9/2018,67,47,36,20,1,4
7/10/2018,71,38,30,12,1,5
7/11/2018,65,33,34,13,1,5
7/12/2018,58,32,32,8,1,6
7/13/2018,56,26,32,7,1,4
7/14/2018,48,24,31,7,1,5
7/15/2018,45,27,36,7,1,5
7/16/2018,53,34,34,9,1,6
7/17/2018,54,33,34,9,1,6
7/18/2018,61,33,32,10,1,5
7/19/2018,62,27,31,12,1,3
7/20/2018,55,17,29,7, ,2
7/21/2018,34,15,29,4, ,3
7/22/2018,33,21,30,8,1,5
7/23/2018,38,39,45,18,1,7
7/24/2018,58,46,47,19,1,5
7/25/2018,71,43,47,13,1,8
7/26/2018,76,40,40,13,1,8
7/27/2018,79,43,47,14,1,8
7/28/2018,85,31,41,10,1,4
7/29/2018,70,29,50,9,1,8
7/30/2018,61,24,34,11,1,7
7/31/2018,48,25,33,11,1,5
8/1/2018,50,23,30,9,1,6
8/2/2018,48,28,29,11,1,7
8/3/2018,56,39,32,17,1,8
8/4/2018,64,34,36,13,1,8
8/5/2018,67,37,46,12,1,7
8/6/2018,70,42,58,20,1,5
8/7/2018,72,44,62,21,1,7
8/8/2018,71,30,38,13,1,3
8/9/2018,56,29,38,16,1,3
8/10/2018,58,37,34,18,1,5
8/11/2018,50,29,26,11,1,5
8/12/2018,49,21,30,5,1,3
8/13/2018,46,28,26,12,1,8
8/14/2018,47,23,25,8,1,7
8/15/2018,39,26,29,10,1,5
8/16/2018,49,31,36,10,1,4
8/17/2018,59,36,37,10, ,5
8/18/2018,66,34,38,8,1,7
8/19/2018,67,35,46,7,1,5
8/20/2018,71,36,36,9, ,6
8/21/2018,68,37,39,8,1,3
8/22/2018,72,33,42,8,1,7
8/23/2018,66,37,42,10,1,8
8/24/2018,75,43,44,10,1,8
8/25/2018,91,46,48,10,1,9
8/26/2018,101,36,49,5,1,6
8/27/2018,78,40,43,8,1,7
8/28/2018,76,33,36,11,1,6
8/29/2018,63,31,34,14,1,7
8/30/2018,51,32,37,16,1,4
8/31/2018,57,42,49,16,1,9
9/1/2018,66,36,43,10,1,5
9/2/2018,66,31,36,5, ,3
9/3/2018,58,27,39,5, ,4
9/4/2018,52,24,33,7, ,4
9/5/2018,50,20,33,7, ,3
9/6/2018,44,20,33,7, ,3
9/7/2018,43,35,40,12, ,6
9/8/2018,62,36,65,14, ,12
9/9/2018,68,38,28,17,1,9
9/10/2018,74,37,38,12,1,3
9/11/2018,63,36,37,12,1,2
9/12/2018,59,34,44,11,1,2
9/13/2018,59,41,44,21,1,6
9/14/2018,63,39,41,26,1,6
9/15/2018,53,37,36,18,1,5
9/16/2018,51,29,45,15,1,5
9/17/2018,49,32,36,21,1,5
9/18/2018,47,37,40,21,1,5
9/19/2018,53,42,43,20,1,6
9/20/2018,58,47,35,20,1,5
9/21/2018,67,49,40,14,1,4
9/22/2018,68,34,43,10,1,3
9/23/2018,54,29,41,10,1,3
9/24/2018,51,31,30,13,1,3
9/25/2018,60,37,31,10, ,3
9/26/2018,61,37,38,14, ,4
9/27/2018,63,45,44,19,1,6
9/28/2018,70,43,37,18,7,4
9/29/2018,82,27,37,7, ,3
9/30/2018,48,25,33,12,1,4
10/1/2018,51,28,27,16,1,4
4/2/2018,84,27,37,9, ,5
4/3/2018,59,28,37,10, ,6
4/4/2018,59,42,37,14, ,8
4/5/2018,80,51,32,18,1,9
4/6/2018,105,35,32,17,1,7
4/7/2018,57,21,22,12,1,2
4/8/2018,50,29,39,11, ,7
4/9/2018,53,38,49,25,1,13
4/10/2018,58,46,56,26,1,11
4/11/2018,68,44,37,20,1,5
4/12/2018,62,36,43,9,1,2
4/13/2018,31,31,42,21,1,5
4/14/2018,33,34,56,22,1,5
4/15/2018,50,34,45,18,1,4
4/16/2018,60,34,37,10,1,3
4/17/2018,41,17,39,11, ,2
4/18/2018,23,31,39,20,1,10
4/19/2018,40,20,34,9, ,5
4/20/2018,32,31,36,13, ,7
4/21/2018,51,40,45,21,1,8
4/22/2018,66,40,50,17,1,11
4/23/2018,73,48,38,18,1,8
4/24/2018,84,46,38,20,1,10
4/25/2018,94,42,38,13, ,6
4/26/2018,82,38,36,11,1,7
4/27/2018,69,37,37,11,1,5
4/28/2018,67,37,37,12,1,8
4/29/2018,56,30,40,7,1,3
4/30/2018,47,29,34,8, ,4
5/1/2018,47,28,35,11, ,2
5/2/2018,52,25,30,11, ,4
5/3/2018,52,29,35,17,1,8
5/4/2018,56,37,52,23,1,11
5/5/2018,58,40,26,26,1,10
5/6/2018,64,38,46,17,1,8
5/7/2018,66,35,38,16,1,3
5/8/2018,64,40,44,18,1,4
5/9/2018,71,40,41,14,1,5
5/10/2018,73,41,35,14,1,7
5/11/2018,70,29,27,9, ,3
5/12/2018,49,16,32,7, ,5
5/13/2018,35,17,36,3, ,4
5/14/2018,36,28,33,10,1,6
5/15/2018,49,24,29,13,1,4
5/16/2018,44,27,34,13,1,7
5/17/2018,39,25,33,11,1,2
5/18/2018,40,29,29,9,1,4
5/19/2018,54,32,33,11,1,6
5/20/2018,58,24,34,5,1,5
5/21/2018,51,25,26,11,1,4
5/22/2018,51,22,29,10,1,4
5/23/2018,52,21,32,7, ,4
5/24/2018,43,20,29,9, ,5
5/25/2018,40,13,31,6, ,5
5/26/2018,24,16,32,7,1,1
5/27/2018,34,27,38,7,1,1
5/28/2018,54,32,38,5,1,5
5/29/2018,64,33,31,11,1,6
5/30/2018,71,13,24,9,1,5
5/31/2018,39,19,32,9,1,5
6/1/2018,45,32,34,14,1,7
6/2/2018,57,30,41,14,1,3
6/3/2018,59,34,39,11,1,2
6/4/2018,66,43,34,14,1,7
6/5/2018,76,33,35,10,1,6
6/6/2018,65,32,38,8,1,4
6/7/2018,63,37,43,14,1,5
6/8/2018,59,40,42,21,1,4
6/9/2018,66,43,44,14,1,8
6/10/2018,66,39,43,9,1,3
6/11/2018,60,44,47,15,1,5
6/12/2018,66,43,41,16,1,3
6/13/2018,69,36,40,17,1,3
6/14/2018,71,42,48,15,1,4
6/15/2018,82,38,38,14,1,5
6/16/2018,67,24,30,5,1,1
6/17/2018,49,15,29,4,1,2
6/18/2018,34,23,30,5,1,5
6/19/2018,42,32,35,8,1,5
6/20/2018,59,45,47,15,1,9
6/21/2018,80,44,46,12,1,7
6/22/2018,79,41,44,12,2,7
6/23/2018,87,28,36,7,1,5
6/24/2018,62,25,35,5,1,3
6/25/2018,53,29,35,8,1,1
6/26/2018,58,27,37,9,1,1
6/27/2018,51,33,40,11,1,2
6/28/2018,66,35,35,12,1,2
6/29/2018,64,32,34,8,1,2
6/30/2018,57,24,33,6,1,1
7/1/2018,52,20,36,6,1,3
1/2/2018,148,63,19,39, ,24
1/3/2018,133,48,4,41, ,17
1/4/2018,60,53,17,39,1,21
1/5/2018,83,39,16,27, ,11
1/6/2018,70,28,10,18, ,12
1/7/2018,61,37,21,17, ,7
1/8/2018,91,27,10,22, ,10
1/9/2018,62,9,24,15, ,6
1/10/2018,32,28,3,25, ,12
1/11/2018,59,48,10,24,1,18
1/12/2018,83,52,8,36,1,27
1/13/2018,98,28,27,26,1,19
1/14/2018,44,23,33,24,1,16
1/15/2018,36,41,17,30,1,21
1/16/2018,105,52,14,36,1,19
1/17/2018,92,61,21,34,1,24
1/18/2018,87,47,16,36,1,20
1/19/2018,73,36,22,16, ,7
1/20/2018,65,15,32,5, ,4
1/21/2018,21,17,30,17, ,4
1/22/2018,32,31,23,27,1,12
1/23/2018,44,31,24,30,1,11
1/24/2018,41,30,21,29,1,9
1/25/2018,44,30,23,26,1,11
1/26/2018,50,30,26,24,1,8
1/27/2018,46,26,29,26,1,11
1/28/2018,35,30,27,27,1,15
1/29/2018,44,34,23,27,1,18
1/30/2018,39,33,17,30,1,15
1/31/2018,31,44,15,36,1,20
2/1/2018,62,56,15,47,1,26
2/2/2018,87,52,29,43,1,19
2/3/2018,87,48,40,36,1,9
2/4/2018,91,45,43,32,1,13
2/5/2018,93,50,26,33,1,21
2/6/2018,88,52,25,26,1,14
2/7/2018,109,42,30,31,1,17
2/8/2018,71,36,30,32,1,18
2/9/2018,47,43,28,31,1,17
2/10/2018,68,31,33,10, ,2
2/11/2018,67,46,37,16,1,6
2/12/2018,67,27,29,12, ,2
2/13/2018,44,16,30,17, ,2
2/14/2018,34,23,29,24, ,5
2/15/2018,40,28,32,23,1,5
2/16/2018,53,23,35,26,1,5
2/17/2018,37,26,35,25,1,6
2/18/2018,47,23,35,17,1,4
2/19/2018,50,25,34,3, ,1
2/20/2018,20,19,31,14, ,3
2/21/2018,23,23,31,20, ,3
2/22/2018,35,25,33,18, ,3
2/23/2018,35,22,35,7, ,2
2/24/2018,23,21,35,16, ,3
2/25/2018,30,21,37,15, ,3
2/26/2018,39,22,35,17,1,3
2/27/2018,37,14,30,13, ,3
2/28/2018,27,21,31,20, ,4
3/1/2018,47,23,32,17,1,6
3/2/2018,44,11,17,16, ,6
3/3/2018,38,13,34,11, ,7
3/4/2018,31,14,34,13, ,11
3/5/2018,34,20,32,23, ,11
3/6/2018,31,22, ,26,1,12
3/7/2018,32,34,15,35,1,8
3/8/2018,52,36,29,31,1,7
3/9/2018,62,32,24,22,1,9
3/10/2018,61,18,19,10, ,3
3/11/2018,50,9,23,8, ,4
3/12/2018,32,22,25,13, ,3
3/13/2018,59,23,17,13, ,7
3/14/2018,57,9,33,5, ,2
3/15/2018,27,11,35,9, ,2
3/16/2018,23,18,29,11, ,3
3/17/2018,29,9,34,6, ,2
3/18/2018,19,16,35,11, ,8
3/19/2018,32,23,35,18,1,7
3/20/2018,41,33,29,25,1,12
3/21/2018,55,19,21,22,1,4
3/22/2018,50,17,18,16, ,11
3/23/2018,51,16,30,11, ,5
3/24/2018,42,22,36,9, ,2
3/25/2018,47,18,38,7, ,6
3/26/2018,33,20,37,12,1,7
3/27/2018,37,27,35,21,1,5
3/28/2018,38,31,36,23,1,11
3/29/2018,54,46,35,24,1,16
3/30/2018,79,43,40,24,1,13
3/31/2018,80,35,41,16, ,11
4/1/2018,85,34,36,11,1,7
10/2/2017,65,37,40,11, ,7
10/3/2017,60,39,34,16, ,8
10/4/2017,61,43,23,20, ,8
10/5/2017,60,48,50,28, ,16
10/6/2017,65,51,68,36, ,18
10/7/2017,68,43,63,31, ,18
10/8/2017,55,46,51,14, ,11
10/9/2017,71,52,38,19, ,10
10/10/2017,67,43,36,25, ,10
10/11/2017,50,51,35,20, ,14
10/12/2017,70,55,37,15, ,10
10/13/2017,79,56,36,20, ,10
10/14/2017,90,56,71,23, ,17
10/15/2017,91,40,61,25, ,12
10/16/2017,58,43,46,34,1,16
10/17/2017,45,43,40,37,1,17
10/18/2017,56,55,53,28, ,14
10/19/2017,78,57,38,24, ,12
10/20/2017,89,34,26,13, ,4
10/21/2017,52,41,38,20, ,12
10/22/2017,54,29,44,22, ,14
10/23/2017,37,35,37,31, ,11
10/24/2017,36,39,40,31,1,18
10/25/2017,38,34,35,30, ,10
10/26/2017,39,44,38,36,1,18
10/27/2017,54,49,44,32,1,13
10/28/2017,71,48,38,22,1,8
10/29/2017,96,48,47,11, ,3
10/30/2017,112,23,36,11, ,1
10/31/2017,53,20,30,11, ,2
11/1/2017,45,22,30,12, ,5
11/2/2017,44,15,30,10, ,5
11/3/2017,33,21,31,14, ,5
11/4/2017,41,19,30,12, ,6
11/5/2017,44,16,28,11,1,3
11/6/2017,36,25,26,17,1,4
11/7/2017,45,27,24,23,1,7
11/8/2017,45,23,20,19, ,8
11/9/2017,41,19,20,13, ,9
11/10/2017,38,27,27,14, ,10
11/11/2017,47,34,36,17,1,6
11/12/2017,64,47,27,23, ,7
11/13/2017,90,46,29,29, ,8
11/14/2017,82,47,31,34, ,14
11/15/2017,76,50,24,41, ,21
11/16/2017,84,46,23,36, ,18
11/17/2017,74,20,20,19, ,9
11/18/2017,40,27,31,18, ,12
11/19/2017,49,30,35,20, ,8
11/20/2017,35,41,22,38, ,13
11/21/2017,61,44,22,40, ,15
11/22/2017,56,29,26,29, ,6
11/23/2017,36,25,32,22, ,8
11/24/2017,37,36,28,32,2,15
11/25/2017,64,41,37,33,2,13
11/26/2017,79,49,33,20, ,10
11/27/2017,117,37,27,19, ,5
11/28/2017,71,37,19,33, ,9
11/29/2017,47,43,15,32, ,11
11/30/2017,55,49,18,35,1,14
12/1/2017,60,46,27,33,1,20
12/2/2017,65,39,25,28, ,14
12/3/2017,63,39,31,22, ,17
12/4/2017,74,42,28,23, ,9
12/5/2017,55,46,21,35,2,17
12/6/2017,39,57,22,39,2,12
12/7/2017,80,53,21,35,2,12
12/8/2017,51,45,17,36,1,12
12/9/2017,47,39,20,32,2,15
12/10/2017,48,38,18,30, ,10
12/11/2017,46,42,14,35,2,12
12/12/2017,44,44,19,35,1,16
12/13/2017,45,47,17,37,2,17
12/14/2017,83,60,15,43,2,26
12/15/2017,78,51,24,35,1,12
12/16/2017,54,47,29,27, ,13
12/17/2017,73,37,32,20, ,6
12/18/2017,47,32,24,28, ,10
12/19/2017,36,50,19,33, ,11
12/20/2017,66,43,27,20, ,12
12/21/2017,60,33,28,24, ,9
12/22/2017,38,41,19,34, ,9
12/23/2017,52,38,17,32, ,9
12/24/2017,57,44,23,28, ,17
12/25/2017,72,60,22,34,1,19
12/26/2017,132,71,15,44, ,23
12/27/2017,152,60,19,46, ,14
12/28/2017,121,52,18,40, ,26
12/29/2017,76,40,20,36, ,12
12/30/2017,52,49,19,35, ,15
12/31/2017,94,56,18,29, ,32
1/1/2018,133,63,31,25,1,14
7/2/2017,78,29,46,6, ,1
7/3/2017,65,35,53,13,1,3
7/4/2017,70,37,47,13,2,3
7/5/2017,78,42,39,17,1,3
7/6/2017,101,35,52,19,2,3
7/7/2017,64,46,71,28,2,5
7/8/2017,78,46,78,22,2,5
7/9/2017,83,34,54,10,2,2
7/10/2017,69,31,39,15,2,3
7/11/2017,65,22,31,11,1,2
7/12/2017,51,21,28,10,1,2
7/13/2017,54,26,29,11,1,2
7/14/2017,57,27,32,13,1,2
7/15/2017,53,36,40,15,1,3
7/16/2017,66,33,41,11,1,2
7/17/2017,69,35,32,13,1,3
7/18/2017,65,33,40,14, ,3
7/19/2017,65,32,40,14,1,3
7/20/2017,67,33,43,14,1,2
7/21/2017,64,38,41,13, ,3
7/22/2017,68,39,57,13, ,3
7/23/2017,76,30,51,9, ,2
7/24/2017,64,25,27,12, ,3
7/25/2017,54,17,29,7, ,2
7/26/2017,43,16,31,7, ,1
7/27/2017,41,21,34,9, ,2
7/28/2017,42,33,31,16,1,3
7/29/2017,61,28,43,11, ,2
7/30/2017,62,23,41,6, ,2
7/31/2017,55,32,36,11, ,3
8/1/2017,66,40,50,20,1,4
8/2/2017,66,42,49,23,1,4
8/3/2017,71,32,48,14, ,4
8/4/2017,61,23,34,11, ,3
8/5/2017,47,21,38,8, ,2
8/6/2017,49,21,43,6, ,2
8/7/2017,51,28,41,12, ,3
8/8/2017,55,38,40,17, ,4
8/9/2017,70,38,44,16, ,5
8/10/2017,68,38,45,17, ,5
8/11/2017,69,34,43,12, ,4
8/12/2017,63,37,58,12, ,4
8/13/2017,76,35,61,7, ,3
8/14/2017,77,31,38,9, ,2
8/15/2017,62,20,24,10, ,1
8/16/2017,45,25,31,9, ,2
8/17/2017,57,34,37,14, ,3
8/18/2017,63,29,33,11, ,2
8/19/2017,60,28,37,7, ,2
8/20/2017,61,28,39,6, ,2
8/21/2017,60,23,34,8, ,2
8/22/2017,54,27,34,12, ,4
8/23/2017,57,30,31,9, ,3
8/24/2017,68,37,38,9, ,4
8/25/2017,81,44,43,13, ,3
8/26/2017,93,34,56,12, ,7
8/27/2017,88,23,43,11, ,4
8/28/2017,66,36,52,24,1,8
8/29/2017,75,46,78,28,1,6
8/30/2017,89,43,71,28,2,6
8/31/2017,80,48,74,30, ,7
9/1/2017,75,45,72,26, ,5
9/2/2017,71,47,30,24,1,8
9/3/2017,74,50,37,12, ,6
9/4/2017,59,18,31,6, ,3
9/5/2017,47,27,5,1, ,9
9/6/2017,62, , , , , 
9/10/2017,56,28,59,16, ,6
9/11/2017,62,34,48,21, ,7
9/12/2017,63,22,37,9, ,4
9/13/2017,55,21,32,10, ,4
9/14/2017,52,19,30,11, ,4
9/15/2017,51,21,31,14, ,5
9/16/2017,47,26,37,13, ,3
9/17/2017,55,29,39,7, ,3
9/18/2017,56,31,40,11, ,10
9/19/2017,59,32,36,11, ,6
9/20/2017,61,32,36,14, ,11
9/21/2017,64,28,25,10, ,5
9/22/2017,48,32,35,13, ,7
9/23/2017,51,31,40,15, ,10
9/24/2017,50,28,55,15, ,11
9/25/2017,48,26,43,23, ,5
9/26/2017,35,39,45,28,1,15
9/27/2017,62,44,44,28, ,17
9/28/2017,76,43,58,32, ,9
9/29/2017,71,46,50,29,1,13
9/30/2017,66,50,50,18, ,12
10/1/2017,94,35,41,6, ,2
4/2/2017,32, ,39,17, ,4
4/4/2017,42,32,39,14, ,2
4/5/2017,62,38,50,24, ,5
4/6/2017,64,39,34,23, ,5
4/7/2017,70,24,40,11, ,2
4/8/2017,46,14,41,6, ,2
4/9/2017,25,21,45,12, ,3
4/10/2017,35,25,48,21, ,5
4/11/2017,43,29,43,25,1,5
4/12/2017,51,25,32,15, ,3
4/13/2017,46,10,34,10, ,2
4/14/2017,19,22,42,15, ,3
4/15/2017,35,26,50,21, ,6
4/16/2017,46,23,49,15, ,4
4/17/2017,46,16,26,15, ,3
4/18/2017,33,11,22,10, ,2
4/19/2017,30,13,27,9, ,2
4/20/2017,28,33,42,19, ,4
4/21/2017,48,34,60,26, ,6
4/22/2017,57,34,80,24, ,5
4/23/2017,55,25,39,9, ,2
4/24/2017,40,33,39,10, ,2
4/25/2017,50,26,47,9, ,2
4/26/2017,29,32,33,17, ,3
4/27/2017,44,38,49,9, ,2
4/28/2017,40,33,49,6, ,2
4/29/2017,30,34,51,14, ,3
4/30/2017,32,34,61,17, ,4
5/1/2017,53,38,64,23, ,4
5/2/2017,59,38,51,22, ,4
5/3/2017,62,34,51,14, ,2
5/4/2017,62,32,40,13, ,3
5/5/2017,64,34,31,13, ,3
5/6/2017,75,21,36,5, ,1
5/7/2017,40,9,36,6, ,2
5/8/2017,26,27,33,15, ,4
5/9/2017,53,34,33,14, ,2
5/10/2017,57,23,30,11, ,2
5/11/2017,45,25,36,9, ,3
5/12/2017,45,36,37,13, ,3
5/13/2017,67,31,41,9,1,2
5/14/2017,47,31,43,10,1,2
5/15/2017,52,26,37,8, ,1
5/16/2017,40,29,34,12,12,2
5/17/2017,50,27,32,11, ,2
5/18/2017,45,34,36,14, ,3
5/19/2017,51,37,51,19, ,4
5/20/2017,51,35,67,23, ,4
5/21/2017,49,34,59,17, ,3
5/22/2017,58,35,45,15, ,3
5/23/2017,68,31,50,14, ,3
5/24/2017,59,33,41,14, ,3
5/25/2017,67,16,34,8, ,1
5/26/2017,36,10,32,7, ,1
5/27/2017,28,16,39,10, ,2
5/28/2017,35,23,45,10, ,3
5/29/2017,47,28,44,6, ,2
5/30/2017,61,35,38,11, ,2
5/31/2017,72,32,41,12, ,2
6/1/2017,68,29,83,10, ,2
6/2/2017,64,35,38,15, ,3
6/3/2017,74,40,64,13, ,3
6/4/2017,86,40,55,10, ,3
6/5/2017,95,36,39,14, ,3
6/6/2017,77,38,33,14, ,2
6/7/2017,81,31,36,14, ,3
6/8/2017,65,19,35,8, ,2
6/9/2017,49,22,31,12, ,2
6/10/2017,44, ,26,8, ,1
6/11/2017,34, ,31,5, ,1
6/12/2017,37, ,31,11, ,2
6/13/2017,40, ,39,15, ,3
6/14/2017,53, ,48,21,1,5
6/15/2017,62, ,44,21,1,5
6/16/2017,75, ,55,22,1,5
6/23/2017,59,31,34,11, ,2
6/24/2017,69,25,36,9, ,2
6/25/2017,56,33,52,14,1,4
6/26/2017,61,38,42,23,2,6
6/27/2017,63,33,42,19,2,4
6/28/2017,54,33,37,15,2,3
6/29/2017,57,49,38,11, ,4
6/30/2017,104,39,42,12, ,2
7/1/2017,71,40,44,11, ,2
1/3/2017,34,23,4,27, ,7
1/4/2017,46,24,5,27, ,6
1/5/2017,53,9,17,17, ,3
1/6/2017,27,21,16,23, ,4
1/7/2017,39,20,14,23, ,5
1/8/2017,37,16,25,22, ,5
1/9/2017,34,14,18,19, ,4
1/10/2017,35,14,20,17, ,4
1/11/2017,35,20,27,11, ,2
1/12/2017,33,9,20,18, ,3
1/13/2017,27,18,15,22, ,5
1/14/2017,49,32,14,24,1,9
1/15/2017,65,22,27,14, ,5
1/16/2017,49,28,28,18, ,5
1/17/2017,52,29,23,26,1,7
1/18/2017,52,30,22,24, ,7
1/19/2017,57,18,27,12, ,2
1/20/2017,34,12,30,14, ,3
1/21/2017,28,14,31,9, ,2
1/22/2017,24,10,27,11, ,3
1/23/2017,28,8,32,12, ,3
1/24/2017,16,16,26,20, ,6
1/25/2017,35,25,26,21, ,7
1/26/2017,47,29,18,24, ,9
1/27/2017,51,34,10,32,1,8
1/28/2017,40,35,22,30,1,9
1/29/2017,60, ,25,30,1,8
2/2/2017,68,34,20,24, ,5
2/3/2017,67,22,15,26, ,6
2/4/2017,57,20,29,12, ,6
2/5/2017,43,24,20,12, ,4
2/6/2017,57,7,19,15, ,3
2/7/2017,23,9,16,15, ,4
2/8/2017,24,13,11,15, ,3
2/9/2017,33,24,18,15, ,9
2/10/2017,49,22,2,20, ,6
2/11/2017,52,13,26,12, ,3
2/12/2017,27,23,25,19, ,6
2/13/2017,41,22,23,27,1,6
2/14/2017,35,33,23,24, ,6
2/15/2017,55,29,27,26, ,8
2/16/2017,48,34,22,28, ,8
2/17/2017,59,10,30,11, ,1
2/18/2017,22,7,37,10, ,2
2/19/2017,21,17,29,10, ,2
2/20/2017,28,15,24,15, ,2
2/21/2017,29,19,20,18, ,4
2/22/2017,46,13,33,13, ,3
2/23/2017,28,10,35,5, ,2
2/24/2017,17,16,34,22, ,4
2/25/2017,35,25,33,19, ,5
2/26/2017,50,11,33,10, ,2
2/27/2017,27,14,24,17, ,3
2/28/2017,31,16,36,19, ,4
3/1/2017,32,21,32,26, ,5
3/2/2017,39,24,31,30,1,7
3/3/2017,36,21,34,28, ,6
3/4/2017,29,27,42,21, ,6
3/5/2017,48,17,36,7, ,1
3/6/2017,29,16,31,18, ,4
3/7/2017,27,23,32,26, ,5
3/8/2017,37,25,34,27, ,7
3/9/2017,44,32,40,32,1,7
3/10/2017,58,35,47,33, ,8
3/11/2017,68,33,51,29,1,7
3/12/2017,69,34,52,27, ,7
3/13/2017,91,52,45,35, ,9
3/14/2017,118,37,44,32, ,7
3/15/2017,74,38,42,33,1,8
3/16/2017,66,41,32,30,1,8
3/17/2017,72,42,46,30, ,8
3/18/2017,91,41,41,16, ,4
3/19/2017,103,31,41,12, ,4
3/20/2017,81,15,30,10, ,2
3/21/2017,38,13,18,16, ,3
3/22/2017,30,9,30,10, ,2
3/23/2017,26,14,34,10, ,3
3/24/2017,23,27,35,17, ,5
3/25/2017,42,20,35,13, ,3
3/26/2017,37,20,40,10, ,4
3/27/2017,45,27,40,12, ,3
3/28/2017,36,33,37,21, ,5
3/29/2017,37,30,22,28, ,7
3/30/2017,46,35,38,20,1,5
3/31/2017,51,30,38,8,1,2
4/1/2017,38,32,41,20,1,4
10/2/2016,50,35,40,11, ,4
10/3/2016,46,36,34,17, ,4
10/4/2016,37,31,31,16, ,3
10/5/2016,32,30,38,10, ,4
10/6/2016,32,44,44,21, ,6
10/7/2016,53,40,40,30, ,8
10/8/2016,38,33,50,16, ,7
10/9/2016,41,28,60,20, ,6
10/10/2016,39,30,32,18, ,6
10/11/2016,37,26,26,11, ,3
10/12/2016,40,31,27,5, ,3
10/13/2016,49,37,36,13, ,5
10/14/2016,61,41,33,13, ,3
10/15/2016,79,23,23,10, ,2
10/16/2016,39,6,21,5, ,3
10/17/2016,14,10,26,7, ,2
10/18/2016,16,29,32,18, ,6
10/19/2016,44,41,38,28, ,7
10/20/2016,40,36,39,29, ,7
10/21/2016,31,35,33,27, ,7
10/22/2016,43,35,35,24, ,7
10/23/2016,47,30,24,21, ,6
10/24/2016,52,18,21,12, ,4
10/25/2016,39,27,24,11, ,5
10/26/2016,42,32,22,19, ,6
10/27/2016,48,36,20,14, ,7
10/28/2016,54,19,16,10, ,4
10/29/2016,32,14,15,9, ,4
10/30/2016,19,6,18,10, ,2
10/31/2016,13,17,25,5, ,4
11/1/2016,23,27,26,18, ,5
11/2/2016,36,34,22,29, ,7
11/3/2016,44,32,30,31, ,9
11/4/2016,31,38,27,33, ,8
11/5/2016,45,42,37,31, ,8
11/6/2016,71,43,35,21, ,6
11/7/2016,78,48,29,32, ,9
11/8/2016,78,37,33,37, ,8
11/9/2016,48,34,32,32, ,6
11/10/2016,29,32,28,33, ,6
11/11/2016,33,28,33,31, ,6
11/12/2016,37,31,30,34, ,8
11/13/2016,47,27,46,25, ,6
11/14/2016,36,35,35,34, ,7
11/15/2016,43,47,18,39,1,9
11/16/2016,72,45,24,25, ,7
11/17/2016,74,45,31,27, ,5
11/18/2016,51,37,21,30,1,6
11/19/2016,33,41,20,30,1,7
11/20/2016,51,32,23,20, ,6
11/21/2016,52,13,26,12, ,2
11/22/2016,24,27,25,20, ,5
11/23/2016,46,28,24,22, ,5
11/24/2016,52,27,30,19, ,4
11/25/2016,44,27,24,25, ,6
11/26/2016,46,27,29,22, ,7
11/27/2016,58,17,24,14, ,3
11/28/2016,45,26,21,24,1,5
11/29/2016,41,30,21,23,1,7
11/30/2016,50,33,15,21,1,7
12/1/2016,42,34,22,27, ,8
12/2/2016,53,33,32,21, ,4
12/3/2016,32,49,22,29,1,29
12/4/2016,48,42,19,30,1,10
12/5/2016,64,43,22,28, ,9
12/6/2016,70,41,25,21, ,5
12/7/2016,65,42,23,27, ,6
12/8/2016,68,37,25,26, ,6
12/9/2016,61,35,3,28, ,6
12/10/2016,66,42,13,23, ,5
12/11/2016,101,34,11,16, ,3
12/12/2016,94,25,16,14, ,3
12/13/2016,68,38,14,20, ,6
12/14/2016,87,57,12,28, ,10
12/15/2016,128,52,8,31, ,9
12/16/2016,107,18,30,8, ,1
12/17/2016,19,18,31,15, ,3
12/18/2016,31,24,28,24, ,6
12/19/2016,46,37,25,32,1,9
12/20/2016,47,36,15,33,1,5
12/21/2016,30,21,8,28, ,4
12/22/2016,31,11,11,20, ,4
12/23/2016,29,15,23,13, ,4
12/24/2016,35,5,32,5, ,1
12/25/2016,15,10,29,12, ,2
12/26/2016,43,21,25,21, ,5
12/27/2016,50,28,20,25, ,4
12/28/2016,38,23,17,28, ,4
12/29/2016,25,24,17,28, ,4
12/30/2016,25,15,22,19, ,3
12/31/2016,30,10,26,9, ,2
1/1/2017,28,17,25,15, ,3
1/2/2017,54,15,29,16, ,3
7/2/2016,66,28,38,9, ,2
7/3/2016,53,22,36,7, ,2
7/4/2016,48,18,33,4, ,3
7/5/2016,41,28,36,6, ,3
7/6/2016,49,26,38,2, ,3
7/7/2016,50,30,41,2, ,2
7/8/2016,55,35,42,4, ,3
7/9/2016,58,33,49,3, ,4
7/10/2016,58,26,42,2, ,3
7/11/2016,53,36,41,3, ,2
7/12/2016,59,42,38,3, ,2
7/13/2016,67,41,49,3, ,4
7/14/2016,64,39,42,3, ,4
7/15/2016,65,36,41,3, ,3
7/16/2016,69,29,47,1, ,3
7/17/2016,61,23,42,1, ,2
7/18/2016,46,28,47,2, ,4
7/19/2016,48,28,43,4, ,6
7/20/2016,43,38,49,15, ,5
7/21/2016,53,42,39,7, ,5
7/22/2016,54,46,60,16, ,5
7/23/2016,57,49,48,17, ,5
7/24/2016,65,34,40,15, ,6
7/25/2016,57,37,42,9, ,3
7/26/2016,58,24,41,5, ,3
7/27/2016,43,25,36,11, ,4
7/28/2016,37,28,32,12, ,4
7/29/2016,47,33,36,11, ,5
7/30/2016,50,34,33,5, ,3
7/31/2016,54,21,35,4, ,3
8/1/2016,41,23,33,5, ,3
8/2/2016,36,24,35,6, ,4
8/3/2016,38,24,32,6, ,2
8/4/2016,36,27,39,5, ,3
8/5/2016,46,32,37,8, ,2
8/6/2016,55,26,38,4, ,3
8/7/2016,39,29,43,6, ,3
8/8/2016,60,34,44,10, ,3
8/9/2016,63,34,24,11, ,3
8/10/2016,67,40,44,7, ,2
8/11/2016,59,27,41,8, ,2
8/12/2016,45,21,38,5, ,2
8/13/2016,33,22,41,9, ,2
8/14/2016,34,28,47,16, ,3
8/15/2016,50,34,43,21, ,5
8/16/2016,55,34,41,12, ,3
8/17/2016,46,32,39,16, ,5
8/18/2016,50,33,40,11, ,3
8/19/2016,57,27,37,9, ,2
8/20/2016,43,22,33,6, ,2
8/21/2016,39,29,40,15, ,3
8/22/2016,51,35,37,9, ,4
8/23/2016,54,36,36,13, ,4
8/24/2016,60,36,37,20, ,4
8/25/2016,58,38,30,15, ,3
8/26/2016,61,31,34,10, ,2
8/27/2016,53,31,42,10, ,2
8/28/2016,58,30,41,12, ,3
8/29/2016,52,41,49, , , 
8/30/2016,63,42,55,21, , 
8/31/2016,68,40,42,18, ,4
9/1/2016,65,41,38,18, ,4
9/2/2016,59,40,38,14, ,2
9/3/2016,66,27,35,7, ,1
9/4/2016,41,24,32,6, ,2
9/5/2016,41,31,37,8, ,2
9/6/2016,49,36,37,12, ,3
9/7/2016,55,42,44,15, ,3
9/8/2016,67,33,34,12, ,3
9/9/2016,51,30,39,8, ,2
9/10/2016,48,33,43,13, ,4
9/11/2016,56,26,35,7, ,2
9/12/2016,45,30,23,10, ,2
9/13/2016,50,15,23,8, ,1
9/14/2016,22,24,18,17, ,3
9/15/2016,34,34,35,18, ,4
9/16/2016,45,37,39,18, ,4
9/17/2016,53,37,43,18, ,4
9/18/2016,62,38,57,23, ,5
9/19/2016,71,41,41,29, ,5
9/20/2016,64,22,28,21, ,3
9/21/2016,35,16,30,14, ,3
9/22/2016,42,43,34,12, ,2
9/23/2016,47,52,35,18, ,4
9/24/2016,52,39,52,26, ,6
9/25/2016,46,40,52,25, ,6
9/26/2016,37,34,38,30, ,4
9/27/2016,25,41,44,24, ,5
9/28/2016,35,35,43,20, ,3
9/29/2016,34,34,49,24, ,4
9/30/2016,42,33,38,25, ,5
10/1/2016,41,34,37,18, ,4
4/2/2016,53,42,37,10, ,5
4/3/2016,70,47,50,6, ,6
4/4/2016,63,38,50,5, ,6
4/5/2016,52,40,51,8, ,8
4/6/2016,60,39,37,11, ,6
4/7/2016,61,39,22,6, ,6
4/8/2016,66,26,22,5, ,4
4/9/2016,52,18,25,2, ,3
4/10/2016,37,18,32,3, ,4
4/11/2016,35,20,33,4, ,4
4/12/2016,37,25,30,4, ,6
4/13/2016,43,28,33,4, ,4
4/14/2016,50,39,32,4, ,4
4/15/2016,60,41,41,4, ,3
4/16/2016,19,35,42,5, ,6
4/17/2016,24,27,55,5, ,6
4/18/2016,32,31,51,5, ,5
4/19/2016,40,33,54,11, ,7
4/20/2016,46,32,46,8, ,6
4/21/2016,37,36,33,8, ,6
4/22/2016,41,27,29,6, ,3
4/23/2016,33,27,43,2, ,4
4/24/2016,36,35,45,3, ,4
4/25/2016,47,46,40,2, ,3
4/26/2016,45,35,45,2, ,5
4/27/2016,42,39,38,3, ,4
4/28/2016,47,38,36,5, ,3
4/29/2016,45,32,37,7, ,3
4/30/2016,47,32,40,2, ,3
5/1/2016,47,34,41,3, ,4
5/2/2016,56,43,40,2, ,5
5/3/2016,64,45,42,4, ,5
5/4/2016,66,41,34,3, ,4
5/5/2016,67,20,28,4, ,3
5/6/2016,28,16,28,12, ,3
5/7/2016,25,17,33,2, ,3
5/8/2016,29,15,32,2, ,3
5/9/2016,24,19,31,2, ,3
5/10/2016,28,26,34,3, ,4
5/11/2016,46,31,38,2, ,3
5/12/2016,56,32,36,3, ,3
5/13/2016,61,42,45,5, ,3
5/14/2016,86,31,35,2, ,3
5/15/2016,67,20,34,1, ,2
5/16/2016,38,28,32,2, ,2
5/17/2016,49,30,38,1, ,4
5/18/2016,56,29,34,1, ,3
5/19/2016,53,30,36,2, ,3
5/20/2016,65,28,35,2, ,2
5/21/2016,43,22,33,2, ,3
5/22/2016,31,22,35,3, ,3
5/23/2016,37,22,32,2, ,3
5/24/2016,34,20,27,3, ,3
5/25/2016,30,13,28,1, ,3
5/26/2016,17,25,30,3, ,3
5/27/2016,39,34,38,3, ,3
5/28/2016,52,39,39,2, ,3
5/29/2016,67,30,38,1, ,2
5/30/2016,54,25,40,1, ,3
5/31/2016,52,34,37,6, ,5
6/1/2016,75,37,41,6, ,3
6/2/2016,74,43,53,2, ,5
6/3/2016,88,49,70,8, ,5
6/4/2016,104,41,67,3, ,5
6/5/2016,96,23,37,2, ,3
6/6/2016,61,28,30,2, ,2
6/7/2016,61,28,33,2, ,3
6/8/2016,55,33,40,2, ,3
6/9/2016,66,34,34,5, ,3
6/10/2016,69,33,33,4, ,3
6/11/2016,63,12,24,1, ,2
6/12/2016,24,12,33,1, ,1
6/13/2016,18,17,31,1, ,3
6/14/2016,28,35,36,7, ,4
6/15/2016,62,32,35,11, ,2
6/16/2016,50,39,42,14, ,4
6/17/2016,59,52,67,9, ,6
6/18/2016,88,41,46,7, ,6
6/19/2016,73,32,56,5, ,5
6/20/2016,49,39,62,8, ,5
6/21/2016,57,39,30,3, ,3
6/22/2016,66,39,37,4, ,4
6/23/2016,70,38,37,2, ,2
6/24/2016,66,41,36,8, ,2
6/25/2016,77,43,53,12, ,2
6/26/2016,77,40,50,11, ,3
6/27/2016,75,47,55,20, ,4
6/28/2016,89,40,47,16, ,4
6/29/2016,72,38,46,16, ,4
6/30/2016,76,40,43,15, ,4
7/1/2016,73,36,35,12, ,3
1/9/2016,822,19,27,10, ,5
1/13/2016,38,26,22,16, ,7
1/14/2016,47,29,14,7, ,8
1/15/2016,72,39,19,6, ,6
1/16/2016,67,41,15,10, ,6
1/17/2016,68,37,24,4, ,5
1/18/2016,91,48,28,4, ,7
1/19/2016,62,32,15,7, ,5
1/20/2016,44,21,16,3, ,5
1/21/2016,57,25,17,5, ,5
1/22/2016,44,30,15,7, ,8
1/23/2016,55,38,13,14, ,9
1/24/2016,61,35,16,4, ,8
1/25/2016,45,27,30,4, ,5
1/26/2016,43,31,22,5, ,7
1/27/2016,32,32,23,6, ,8
1/28/2016,32,31,14,9, ,8
1/29/2016,46,36,15,6, ,8
1/30/2016,69,50,13,17, ,9
1/31/2016,56,35,20,3, ,6
2/1/2016,23,16,28,1, ,2
2/2/2016,10,13,30,1, ,3
2/3/2016,23,21,24,5, ,6
2/4/2016,38,25,25,7, ,7
2/5/2016,34,26,18,7, ,7
2/6/2016,32,28,24,16, ,8
2/7/2016,27,24,30,5, ,7
2/8/2016,38,24,36,5, ,8
2/9/2016,37,30,26,6, ,10
2/10/2016,36,32,24,8, ,8
2/11/2016,32,31,26,8, ,7
2/12/2016,46,36,27,10, ,8
2/13/2016,66,46,34,18, ,9
2/14/2016,109,55,40,11, ,11
2/15/2016,90,47,41,7, ,10
2/16/2016,42,35,30,6, ,8
2/17/2016,34,29,36,6, ,7
2/18/2016,47,32,27,9, ,7
2/19/2016,31,17,29,4, ,3
2/20/2016,50,32,27,10, ,6
2/21/2016,56,33,32,4, ,7
2/22/2016,70,39,37,4, ,8
2/23/2016,63,41,30,5, ,8
2/24/2016,32,31,25,8, ,7
2/25/2016,25,28,36,12, ,5
2/26/2016,45,32,38,9, ,6
2/27/2016,67,44,32,15, ,8
2/28/2016,82,46,39,5, ,7
2/29/2016,98,49,44,4, ,7
3/1/2016,98,54,36,5, ,7
3/2/2016,129,60,23,9, ,8
3/3/2016,115,55,30,8, ,9
3/4/2016,82,46,25,6, ,7
3/5/2016,81,43,29,8, ,5
3/6/2016,52,30,22,2, ,4
3/7/2016,25,18,36,1, ,3
3/8/2016,22,17,33,4, ,3
3/9/2016,29,17,31,5, ,4
3/10/2016,45,29,27,6, ,6
3/11/2016,55,33,25,6, ,7
3/12/2016,38,23,27,7, ,4
3/13/2016,33,22,31,2, ,3
3/14/2016,45,29,34,2, ,4
3/15/2016,36,21,28,3, ,4
3/16/2016,57,36,33,6, ,6
3/17/2016,50,38,39,10, ,7
3/18/2016,65,43,44,6, ,7
3/19/2016,86,50,42,6, ,4
3/20/2016,99,51,45,3, ,4
3/21/2016,112,51,50,3, ,5
3/22/2016,79,40,25,3, ,4
3/23/2016,30,34,37,4, ,4
3/24/2016,27,30,35,6, ,6
3/25/2016,27,26,36,6, ,5
3/26/2016,48,35,36,9, ,6
3/27/2016,65,41,44,4, ,4
3/28/2016,71,44,45,1, ,3
3/29/2016,47,34,35,2, ,3
3/30/2016,26,26,30,3, ,4
3/31/2016,28,22,32,3, ,4
4/1/2016,46,33,33,5, ,6
10/2/2015,66,31,34,6, ,3
10/3/2015,54,33,39,5, ,4
10/4/2015,62,20,39,1, ,3
10/5/2015,45,17,32,4, ,3
10/6/2015,45,26,36,4, ,4
10/7/2015,54,37,42,6, ,5
10/8/2015,71,44,47,8, ,9
10/9/2015,79,42,44,16, ,9
10/10/2015,64,29,49,7, ,7
10/11/2015,48,27,58,6, ,4
10/12/2015,50,35,53,9, ,4
10/13/2015,59,27,35,8, ,4
10/14/2015,61,27,22,9, ,5
10/15/2015,67,18,22,2, ,4
10/16/2015,60,26,22,4, ,4
10/17/2015,65,21,35,2, ,5
10/18/2015,62,18,30,1, ,3
10/19/2015,56,27,26,4, ,5
10/20/2015,58,29,29,6, ,5
10/21/2015,56,33,32,6, ,6
10/22/2015,54,37,28,8, ,6
10/23/2015,59,40,35,9, ,7
10/24/2015,72,27,43,6, ,6
10/25/2015,43,34,34,7, ,6
10/26/2015,49,40,52,6, ,7
10/27/2015,60,51,30,11, ,9
10/28/2015,78,49,25,7, ,9
10/29/2015,77,33,36,1, ,3
10/30/2015,21,42,30,14, ,6
10/31/2015,38,37,39,8, ,8
11/1/2015,46,37,51,7, ,7
11/2/2015,55,28,28,3, ,5
11/3/2015,46,14,28,4, ,3
11/4/2015,25,18,27,5, ,4
11/5/2015,23,21,28,7, ,5
11/6/2015,23,29,24,16, ,7
11/7/2015,34,27,35,5, ,8
11/8/2015,35,27,39,5, ,7
11/9/2015,38,31,30,4, ,5
11/10/2015,43,29,33,11, ,5
11/11/2015,34,26,31,27, ,7
11/12/2015,29,30,29,35, ,8
11/13/2015,32,34,23,37, ,10
11/14/2015,40,34,31,33, ,10
11/15/2015,49,32,35,20, ,7
11/16/2015,50,29,31,5, ,2
11/17/2015,13,39,18,33, ,8
11/18/2015,39,47,12,41, ,11
7/2/2015,68,27,33,5, ,5
7/3/2015,61,26,36,2, ,4
7/4/2015,64,26,32,2, ,3
7/5/2015,71,37,32,2, , 
7/6/2015,94,25,30,1, ,4
7/7/2015,62,34,36,2, ,4
7/8/2015,80,27,27,2, ,4
7/9/2015,56,27,24,2, ,4
7/10/2015,53,22,23,5, ,4
7/11/2015,43,18,30,10, ,3
7/12/2015,33,21,31,11, ,4
7/13/2015,38,28,32,13, ,4
7/14/2015,45,32,27,13, ,3
7/15/2015,53,32,35,11, ,2
7/16/2015,59,34,37,3, ,3
7/17/2015,65,34,43,3, ,4
7/18/2015,66,27,26,3, ,4
7/19/2015,69,19,32,3, ,5
7/20/2015,62,16,20,2, ,4
7/21/2015,57,13,18,2, ,6
7/22/2015,45,13,23,1, ,4
7/23/2015,47,19,25,2, ,4
7/24/2015,56,27,28,4, ,5
7/25/2015,62, ,41,6, ,4
8/1/2015,73,34,40,3, ,4
8/2/2015,79,33,40,2, ,4
8/3/2015,74,38,38,3, ,4
8/4/2015,72,40,32,9, ,5
8/5/2015,64,38,35,4, ,4
8/6/2015,58,42,31,5, ,5
8/7/2015,70,34,35,4, ,2
8/8/2015,66,33,40,2, ,3
8/9/2015,65,29,37,2, ,3
8/10/2015,62,27,36,1, ,3
8/11/2015,60,32,41,3, ,3
8/12/2015,69,31,36,3, ,5
8/13/2015,49,46,34,5, ,6
8/14/2015,62,42,36,10, ,5
8/15/2015,57,40,66,8, ,5
8/16/2015,64,37,55,5, ,5
8/17/2015,70,42,37,3, ,3
8/18/2015,86,39,34,3, ,5
8/19/2015,83,39,39,1, ,4
8/20/2015,87,37,44,2, ,4
8/21/2015,76,38,39,5, ,4
8/22/2015,86,41,50,2, ,4
8/23/2015,94,32,49,2, ,4
8/24/2015,73,37,42,4, ,5
8/25/2015,81,41,31,5, ,5
8/26/2015,87,48,53,7, ,7
8/27/2015,94,41,47,6, ,6
8/28/2015,108,40,54,20, ,5
8/29/2015,66,37,46,7, ,5
8/30/2015,66,31,35,2, ,3
8/31/2015,55,39,33,3, ,3
9/1/2015,66,38,32,2, ,2
9/2/2015,64,30,35,2, ,2
9/3/2015,61,27,34,2, ,3
9/4/2015,49,26,35,5, ,3
9/5/2015,48,32,48,3, ,4
9/6/2015,65,34,57,3, ,5
9/7/2015,67,29,50,3, ,4
9/8/2015,55,35,31,6, ,5
9/9/2015,53,45,41,5, ,5
9/10/2015,64,39,42,9, ,4
9/11/2015,67,36,39,8, ,5
9/12/2015,61,31,32,16, ,6
9/13/2015,56,24,33,12, ,4
9/14/2015,52,23,22,11, ,3
9/15/2015,52,9,18,3, ,4
9/16/2015,45,18,29,1, ,4
9/17/2015,47,28,30,4, ,4
9/18/2015,45,35,45,7, ,5
9/19/2015,58,41,64,6, ,8
9/20/2015,72,29,65,5, ,5
9/21/2015,59,35,35,5, ,5
9/22/2015,74,39,38,3, ,5
9/23/2015,80,41,46,3, ,5
9/24/2015,80,46,54,6, ,7
9/25/2015,84,43,49,11, ,7
9/26/2015,76,40,43,5, ,7
9/27/2015,83,36,58,5, ,6
9/28/2015,74,40,36,5, ,6
9/29/2015,77,37,34,5, ,7
9/30/2015,66,42,39,7, ,7
10/1/2015,71,44,34,7, ,5
4/2/2015,70,41,49,4, ,4
4/3/2015,61,37,52,10, ,5
4/4/2015,52,31,60,5, ,3
4/5/2015,52,35,51,5, ,3
4/6/2015,65,20,43,3, ,2
4/7/2015,41,15,39,4, ,4
4/8/2015,41,21,41,8, ,3
4/9/2015,36,24,43,7, ,5
4/10/2015,51,29,48,5, ,5
4/11/2015,62,26,49,4, ,3
4/12/2015,62,25,59,6, ,4
4/13/2015,57,37,43,3, ,3
4/14/2015,80,40,43,3, ,3
4/15/2015,79,47,48,5, ,4
4/16/2015,63,45,51,8, ,7
4/17/2015,43,46,51,9, ,5
4/18/2015,51,44,55,7, ,5
4/19/2015,59,38,54,4, ,5
4/20/2015,70,34,44,3, ,4
4/21/2015,71,27,42,2, ,5
4/22/2015,63,25,40,2, ,3
4/23/2015,57,23,38,4, ,4
4/24/2015,53,18,35,3, ,4
4/25/2015,46,20,35,2, ,3
4/26/2015,44,27,44,2, ,4
4/27/2015,57,30,56,4, ,5
4/28/2015,54,33,62,7, ,5
4/29/2015,53,36,33,9, ,7
4/30/2015,67,41,37,9, ,9
5/1/2015,68,41,43,9, ,7
5/2/2015,76,41,43,9, ,8
5/3/2015,81,32,43,4, ,4
5/4/2015,67,25,39,2, ,3
5/5/2015,55,20,36,2, ,4
5/6/2015,54,24,38,3, ,4
5/7/2015,51,28,37,2, ,4
5/8/2015,56, , , , , 
5/13/2015,58,35,41,2, ,3
5/14/2015,75,21,31,3, ,4
5/15/2015,41,16,37,3, ,4
5/16/2015,40,27,38,4, ,5
5/17/2015,51,29,40,2, ,4
5/18/2015,53,26,39,1, ,3
5/19/2015,47,27,39,3, ,4
5/20/2015,48,28,37,3, ,4
5/21/2015,46,27,37,2, ,5
5/22/2015,45,21,32,3, ,4
5/23/2015,33,16,36,3, ,4
5/24/2015,37,22,40,2, ,4
5/25/2015,47,28,40,1, ,5
5/26/2015,57,29,36,1, ,5
5/27/2015,61,32,39,2, ,4
5/28/2015,67,35,39,3, ,4
5/29/2015,71,44,50,4, ,4
5/30/2015,96,44,52,6, ,5
5/31/2015,101,36,56,3, ,4
6/1/2015,88,38,47,2, ,3
6/2/2015,78,30,29,4, ,5
6/3/2015,49,23,33,10, ,3
6/4/2015,47,34,30,4, ,3
6/5/2015,52,33,34,4, ,3
6/6/2015,46,24,37,1, ,4
6/7/2015,46,22,42,2, ,4
6/8/2015,49,36,52,4, ,6
6/9/2015,69,27,31,5, ,5
6/10/2015,58,27,31,2, ,4
6/11/2015,59,23,32,2, ,4
6/12/2015,66,30,25,5, ,4
6/13/2015,86, ,30,2, ,4
6/17/2015,74,54,60,5, ,6
6/18/2015,117,50,55,3, ,6
6/19/2015,99,48,66,7, ,7
6/20/2015,88,48,65,5, ,5
6/21/2015,84,43,44,3, ,4
6/22/2015,80,41,40,3, ,5
6/23/2015,70,43,46,3, ,5
6/24/2015,70,47,42,4, ,5
6/25/2015,73,46,39,4, ,5
6/26/2015,68,36,37,4, ,4
6/27/2015,71,27,19,3, ,5
6/28/2015,56,32,43,4, ,6
6/29/2015,57,41,36,4, ,4
6/30/2015,63,39,33,4, ,5
7/1/2015,61,36,31,4, ,5
1/2/2015,81,33,3,6, ,10
1/3/2015,64,37,3,4, ,10
1/4/2015,77,40,3,5, ,11
1/5/2015,87,264,3,5, ,10
1/6/2015,42,375,3,7, ,9
1/7/2015,28,27,3,7, ,10
1/8/2015,36,44,4,12, ,13
1/9/2015,74,53,9,17, ,14
1/10/2015,98,47,2,5, ,11
1/11/2015,104,22,3,3, ,7
1/12/2015,72,40,2,3, ,9
1/13/2015,102,48,3,4, ,11
1/14/2015,108,27,3,6, ,10
1/15/2015,54,24,23,11, ,8
1/16/2015,36,23,23,31, ,8
1/17/2015,24,38,26,17, ,13
1/18/2015,66,38,21,32, ,12
1/19/2015,84, ,21,35, ,13
1/20/2015,105, ,16,34, ,12
1/21/2015,140, ,26,32, ,10
1/22/2015,152,31,5,15, ,11
1/23/2015,54,27,6,12, ,10
1/24/2015,32,32,3,6, ,11
1/25/2015,37,27,3,5, ,11
1/26/2015,44,25,10,6, ,8
1/27/2015,34,22,16,4, ,9
1/28/2015,40,25,17,6, ,8
1/29/2015,34,25,14,7, ,7
1/30/2015,39,20,16,10, ,6
1/31/2015,39,34,31,4, ,6
2/1/2015,69,29,30,4, ,8
2/2/2015,61,37,27,7, ,10
2/3/2015,63,56,18,8, ,13
2/4/2015,115,66,23,9, ,10
2/5/2015,148,64,36,8, ,12
2/6/2015,137,59,38,10, ,10
2/7/2015,137,44,18,5, ,9
2/8/2015,100,26,25,3, ,6
2/9/2015,64,22,22,3, ,7
2/10/2015,41,34,28,6, ,9
2/11/2015,56,29,33,8, ,9
2/12/2015,35,23,37,8, ,8
2/13/2015,32,27,40,11, ,7
2/14/2015,30,27,44,6, ,9
2/15/2015,33,34,52,5, ,8
2/16/2015,62,48,39,3, ,7
2/17/2015,97,51,42,4, ,7
2/18/2015,106,58,38,7, ,7
2/19/2015,122,63,43,5, ,7
2/20/2015,135,54,37,7, ,6
2/21/2015,116,32,40,3, ,4
2/22/2015,63,17,34,1, ,3
2/23/2015,37,12,32,3, ,4
2/24/2015,26,22,35,5, ,6
2/25/2015,28,34,32,7, ,8
2/26/2015,46,43,32,7, ,7
2/27/2015,69,38,32,6, ,3
2/28/2015,55,15,36,2, ,3
3/1/2015,20,8,33,1, ,2
3/2/2015,20,11,32,2, ,2
3/3/2015,21,15,35,3, ,3
3/4/2015,21,21,38,6, ,5
3/5/2015,43,23,42,7, ,4
3/6/2015,40,27,34,16, ,7
3/7/2015,31,29,45,5, ,6
3/8/2015,41,35,43,4, ,6
3/9/2015,57,51,45,5, ,4
3/10/2015,90,57,39,16, ,7
3/11/2015,105,46,25,15, ,8
3/12/2015,74,27,42,7, ,6
3/13/2015,36,23,44,13, ,6
3/14/2015,33,20,55,10, ,5
3/15/2015,32,20,58,7, ,4
3/16/2015,32,31,54,7, ,5
3/17/2015,48,42,50,9, ,6
3/18/2015,60,36,39,5, ,2
3/19/2015,54,38,41,4, ,2
3/20/2015,65,49,52,8, ,4
3/21/2015,102,44,51,3, ,3
3/22/2015,95,29,43,1, ,1
3/23/2015,66,25,35,9, ,4
3/24/2015,48,30,38,5, ,4
3/25/2015,48,38,44,8, ,6
3/26/2015,58,26,44,7, ,5
3/27/2015,37,33,57,10, ,6
3/28/2015,51, ,41,7, ,5
4/1/2015,77,37,45,3, ,3
10/2/2014,68,35,5,6, ,7
10/3/2014,51,37,14,16, ,9
10/4/2014,41,31,5,8, ,9
10/5/2014,42,34,12,6, ,8
10/6/2014,59,36,11,4, ,8
10/7/2014,63,38,7,7, ,12
10/8/2014,63,40,7,8, ,9
10/9/2014,66,30,9,3, ,5
10/10/2014,60,41,19,4, ,6
10/11/2014,72,41,7,4, ,8
10/12/2014,83,43,8,3, ,6
10/13/2014,86,46,8,4, ,7
10/14/2014,92,42,9,3, ,7
10/15/2014,85,18,22,2, ,4
10/16/2014,34,36,7,3, ,6
10/17/2014,56,46,15,6, ,7
10/18/2014,33,33,9,3, ,6
10/19/2014,45,30,8,5, ,8
10/20/2014,57,39,12,3, ,7
10/21/2014,62,40,5,4, ,7
10/22/2014,75,43,4,5, ,9
10/23/2014,63,53,35,14, ,12
10/24/2014,78,55,13,14, ,12
10/25/2014,78,30,10,6, ,8
10/26/2014,48,29,8,5, ,7
10/27/2014,46,40,4,4, ,8
10/28/2014,57,46,14,15, ,9
10/29/2014,60,42,6,11, ,10
10/30/2014,53,40,11,13, ,9
10/31/2014,55,36,12,6, ,8
11/1/2014,60,12,9,2, ,5
11/2/2014,21,17,4,4, ,8
11/3/2014,39,26,3,5, ,9
11/4/2014,40,29,4,8, ,10
11/5/2014,41,30,3,7, ,11
11/6/2014,37,31,3,8, ,11
11/7/2014,36,29,5,15, ,10
11/8/2014,37,34,4,9, ,12
11/9/2014,47,42,7,4, ,11
11/10/2014,76,37,10,3, ,6
11/11/2014,82,25,8,3, ,6
11/12/2014,45,22,12,2, ,5
11/13/2014,28,34,9,19, ,7
11/14/2014,58,40,9,11, ,7
11/15/2014,62,29,3,3, ,8
11/16/2014,60,45,4,4, ,8
11/17/2014,58,35,4,5, ,8
11/18/2014,40,297,3,8, ,10
11/19/2014,33,87,4,7, ,10
11/20/2014,49,34,4,5, ,9
11/21/2014,50,20,7,10, ,7
11/22/2014,35,28,3,5, ,9
11/23/2014,44,34,3,4, ,9
11/24/2014,53,28,3,6, ,10
11/25/2014,30,24,3,7, ,10
11/26/2014,32,76,3,7, ,13
11/27/2014,50, ,35,28, ,9
11/28/2014,41,31,4,7, ,11
11/29/2014,56,37,7,4, ,10
11/30/2014,66,18,7,1, ,5
12/1/2014,46,23,3,3, ,9
12/2/2014,50,15,6,4, ,7
12/3/2014,34,9,5,3, ,6
12/4/2014,38, ,3,4, ,7
12/6/2014,70,33,3,3, ,10
12/7/2014,63,23,3,3, ,8
12/8/2014,50,24,3,4, ,8
12/9/2014,45,28,3,6, ,10
12/10/2014,46,46,2,7, ,13
12/11/2014,86,41,7,4, ,7
12/12/2014,82,8,18,4, ,4
12/13/2014,31,21,3,3, ,9
12/14/2014,46,22,3,4, ,9
12/15/2014,48,31,3,5, ,9
12/16/2014,60,27,3,6, ,7
12/17/2014,59,16,4,5, ,6
12/18/2014,38,29,3,6, ,10
12/19/2014,52,36,8,11, ,10
12/20/2014,64,43,2,4, ,10
12/21/2014,84,51,3,5, ,11
12/22/2014,110,47,1,4, ,14
12/23/2014,86,39,3,7, ,15
12/24/2014,64,26,3,6, ,8
12/25/2014,51,19,7,3, ,5
12/26/2014,24,18,12,7, ,7
12/27/2014,25,23,3,5, ,10
12/28/2014,40,25,3,4, ,8
12/29/2014,46, , , , , 
7/2/2014,71,29,11,2, ,5
7/3/2014,76,33,11,2, ,5
7/4/2014,92,33,9,4, ,6
7/5/2014,84,64,3,4, ,5
7/6/2014,132,20,8,1, ,5
7/7/2014,65,24,7,3, ,5
7/8/2014,62,30,9,2, ,5
7/9/2014,68,28,9,2, ,4
7/10/2014,72,26,9,2, ,4
7/11/2014,64,19,15,3, ,4
7/12/2014,56,21,6,2, ,4
7/13/2014,54,25,6,3, ,6
7/14/2014,62,28,7,2, ,4
7/15/2014,64,23,5,4, ,5
7/16/2014,68,20,8,1, ,4
7/17/2014,53,15,23,4, , 
7/18/2014,45,15,9,2, ,4
7/19/2014,53, ,5,1, ,3
7/26/2014,70,36,4,4, ,5
7/27/2014,77,29,7,2, ,4
7/28/2014,69,23,9,3, ,4
7/29/2014,59,33,4,4, ,6
7/30/2014,73,32,6,5, ,6
7/31/2014,63,34,3,5, ,5
8/1/2014,67,35,14,6, ,5
8/2/2014,70,33,7,3, ,5
8/3/2014,84,26,6,4, ,6
8/4/2014,73,23,11,2, ,4
8/5/2014,63,23,6,2, ,5
8/6/2014,52,23,8,2, ,21
8/7/2014,56,22,9,2, ,4
8/8/2014,56,31,15,3, ,4
8/9/2014,71,33,10,3, ,4
8/10/2014,80,33,13,1, ,4
8/11/2014,77,26,21,5, ,5
8/12/2014,64,24,12,3, ,5
8/13/2014,204,22,7,2, ,4
8/14/2014,51,28,10,2, ,5
8/15/2014,66,26,18,6, ,6
8/16/2014,61,26,10,7, ,6
8/17/2014,57,27,47,14, , 
8/18/2014,56,36,7,3, ,6
8/19/2014,66,25,20,4, ,3
8/20/2014,53,22,10,1, ,3
8/21/2014,56,20,11,2, ,4
8/22/2014,47,24,20,4, ,5
8/23/2014,56,23,10,2, ,4
8/24/2014,58,20,10,1, ,3
8/25/2014,57,25,7,2, ,5
8/26/2014,54,33,11,4, ,9
8/27/2014,68,32,6,5, ,7
8/28/2014,60,36,8,6, ,7
8/29/2014,59,40,26,8, ,7
8/30/2014,70,34,18,4, ,6
8/31/2014,68,29,15,6, ,4
9/1/2014,67,32,11,1, ,4
9/2/2014,72,35,11,2, ,4
9/3/2014,68,34,11,2, ,4
9/4/2014,69,30,15,2, ,4
9/5/2014,64,31,26,4, ,4
9/6/2014,72,33,12,2, ,5
9/7/2014,77,35,7,5, ,7
9/8/2014,71,30,8,3, ,5
9/9/2014,72,27,4,5, ,7
9/10/2014,64,30,8,4, ,6
9/11/2014,65,33,5,6, ,7
9/12/2014,64,44,8,7, ,7
9/13/2014,74,41,7,6, ,7
9/14/2014,78,37,7,6, ,7
9/15/2014,74,43,8,6, ,7
9/16/2014,86,44,6,6, ,7
9/17/2014,69,45,4,7, ,8
9/18/2014,63,24,6,2, ,3
9/19/2014,51,23,11,5, ,3
9/20/2014,51,21,9,2, ,3
9/21/2014,53,20,8,2, ,4
9/22/2014,48,28,11,4, ,5
9/23/2014,58,34,5,4, ,8
9/24/2014,65,35,4,6, ,7
9/25/2014,60,31,4,6, ,7
9/26/2014,54,30,20,5, ,4
9/27/2014,50,32,10,2, ,3
9/28/2014,51,25,8,3, ,4
9/29/2014,54, ,38,16, ,5
9/30/2014,55,32,27,19, ,7
10/1/2014,63,39,6,5, ,5
4/2/2014,23,13,14,2, ,4
4/3/2014,18,22,3,4, ,5
4/4/2014,39,55,13,5, ,5
4/5/2014,74,19,5,4, ,5
4/6/2014,47,24,5,4, ,6
4/7/2014,52,25,3,6, ,7
4/8/2014,50,30,4,7, ,7
4/9/2014,57,28,3,7, ,7
4/10/2014,56,38,2,7, ,10
4/11/2014,76,38,13,9, ,7
4/12/2014,76,28,11,1, ,3
4/13/2014,67,25,12,1, ,3
4/14/2014,60,35,6,4, ,7
4/15/2014,67,45,3,7, ,7
4/16/2014,77,43,8,3, ,4
4/17/2014,81,46,9,3, ,4
4/18/2014,81,29,23,2, ,3
4/19/2014,61,32,5,4, ,6
4/20/2014,68,35,7,3, ,4
4/21/2014,73,40,4,9, ,6
4/22/2014,84,35,23,5, ,3
4/23/2014,67,37,6,5, ,4
4/24/2014,57,37,9,4, ,6
4/25/2014,63,34,7,5, ,3
4/26/2014,63,15,6, , ,3
4/27/2014,31,27,7,3, ,3
4/28/2014,50,25,6,4, ,4
4/29/2014,52,37,4,8, ,7
4/30/2014,59,45,5,9, ,6
5/1/2014,56,37,4,9, ,7
5/2/2014,55,33,23,11, ,7
5/3/2014,57,36,63,27, ,7
5/4/2014,66,30,41,15, ,6
5/5/2014,60,32,23,7, ,3
5/6/2014,57,27,10,1, ,3
5/7/2014,45,67,11,3, ,3
5/8/2014,66,33,8,3, ,4
5/9/2014,61,34,16,10, ,6
5/10/2014,63,33,5,4, ,3
5/11/2014,60,40,10,2, ,3
5/12/2014,58,29,5,5, ,5
5/13/2014,39,32,9,5, ,6
5/14/2014,42,32,4,12, ,7
5/15/2014,45,27,3,12, ,7
5/16/2014,47,38,13,8, ,9
5/17/2014,66,47,11,6, ,7
5/18/2014,93,38,9,1, ,4
5/19/2014,72,33,13,2, ,4
5/20/2014,64,21,13,2, ,4
5/21/2014,37,26,8,2, ,5
5/22/2014,51,24,7,3, ,5
5/23/2014,56,21,15,3, ,4
5/24/2014,54,27,6,4, ,6
5/25/2014,74,25,35,6, , 
5/26/2014,64,31,44,8, , 
5/27/2014,77,38,17,5, ,5
5/28/2014,87,36,9,2, ,5
5/29/2014,85,38,11,3, ,5
5/30/2014,105,45,10,5, ,7
5/31/2014,90,43,41,19, ,8
6/1/2014,83,34,41,11, ,4
6/2/2014,71,36,7,3, ,5
6/3/2014,72,32,7,4, ,8
6/4/2014,67,29,9,4, ,6
6/5/2014,67,82,7,4, ,5
6/6/2014,82,40,10,3, ,4
6/7/2014,80,78,9,2, ,5
6/8/2014,81,40,31,3, ,6
6/9/2014,85,37,10,2, ,6
6/10/2014,87,34,8,3, ,6
6/11/2014,78,28,10,2, ,5
6/12/2014,62,28,11,1, ,5
6/13/2014,156,32,25,4, ,5
6/14/2014,74,33,41,8, ,5
6/15/2014,82,33,9,1, ,4
6/16/2014,70,32,10,2, ,4
6/17/2014,69,29,9,2, ,6
6/18/2014,62,32,31,8, ,4
6/19/2014,66,39,4,2, ,5
6/20/2014,73,42,15,6, ,7
6/21/2014,79,35,5,4, ,5
6/22/2014,73,32,9,1, ,4
6/23/2014,74,38,9,2, ,4
6/24/2014,75,44,9,2, ,5
6/25/2014,81,42,10,3, ,5
6/26/2014,86,35,8,3, ,4
6/27/2014,73,27,15,3, ,3
6/28/2014,59,31,6,3, ,4
6/29/2014,72,27,9,2, ,3
6/30/2014,73,32,14,3, ,5
7/1/2014,77,28,12,2, ,5
1/2/2014,153,32,3,8, ,11
1/3/2014,48,46,2,11, ,14
1/4/2014,78,49,2,7, ,14
1/5/2014,112,45,3,6, ,11
1/6/2014,71,29, ,7, ,12
1/7/2014,35,46,1,7, ,12
1/8/2014,65,52,10,21, ,14
1/9/2014,86,56,3,6, ,8
1/10/2014,114,59,3,17, ,12
1/11/2014,117,46,20,34, , 
1/12/2014,89,51,23,30, ,18
1/13/2014,111,37,1,6, ,12
1/14/2014,46,37,1,8, ,12
1/15/2014,36,39,6,15, ,14
1/16/2014,44,35,5,20, ,12
1/17/2014,46,37,3,13, ,10
1/18/2014,50,33,2,7, ,11
1/19/2014,57,36,2,7, ,12
1/20/2014,57,41,2,7, ,12
1/21/2014,64,32, ,10, ,10
1/22/2014,41,47,13,42, , 
1/23/2014,68,50,2,16, ,11
1/24/2014,93,45,1,10, ,10
1/25/2014,66,39,2,7, ,10
1/26/2014,62,40,2,5, ,9
1/27/2014,73,42,5,15, ,8
1/28/2014,73,50,1,8, ,11
1/29/2014,92,58,2,14, ,14
1/30/2014,116,45,8,3, ,5
1/31/2014,92,20,19,3, ,5
2/1/2014,25,13,6,2, ,5
2/2/2014,24,17,8,3, ,6
2/3/2014,25,13,5,3, ,7
2/4/2014,18,23,2,7, ,7
2/5/2014,41,29,4,6, ,5
2/6/2014,47,30,2,9, ,6
2/7/2014,59,23,14,6, ,6
2/8/2014,54,413,2,4, ,5
2/9/2014,301,878,1,2, ,5
2/12/2014,60,34,2,8, ,9
2/13/2014,56,39,2,9, ,11
2/14/2014,66,51,3,20, ,13
2/15/2014,86,55,2,10, ,12
2/16/2014,112,49,2,6, ,10
2/17/2014,95,45,2,5, ,8
2/18/2014,75,49,9,4, ,6
2/19/2014,89,48,3,5, ,5
2/20/2014,85,50,2,7, ,9
2/21/2014,74,46,10,12, ,8
2/22/2014,56,47,3,8, ,9
2/23/2014,81,48,5,5, ,9
2/24/2014,88,48,8,3, ,6
2/25/2014,94,39,8,3, ,4
2/26/2014,80,23,9,4, ,4
2/27/2014,38,15,7,3, ,3
2/28/2014,24,55,12,5, ,3
3/1/2014,64,16,5,2, ,3
3/2/2014,33,11,5,2, ,3
3/3/2014,30,23,3,3, ,5
3/4/2014,49,34,2,4, ,6
3/5/2014,69,41,1,6, ,7
3/6/2014,77,35,2,5, ,5
3/7/2014,61,32,6,7, ,4
3/8/2014,52,26,12,6, ,7
3/9/2014,42,16,14,13, ,5
3/10/2014,28,23,29,9, ,6
3/11/2014,33,69,6,17, ,5
3/12/2014,53,66,7,3, ,5
3/13/2014,51,34,9,2, ,4
3/14/2014,52,41,16,13, ,5
3/15/2014,67,35,4,5, ,6
3/16/2014,60,32,4,7, ,7
3/17/2014,50,44,4,6, ,7
3/18/2014,61,79,8,2, ,6
3/19/2014,94,47,7,4, ,7
3/20/2014,66,45,13,5, ,7
3/21/2014,66,39,27,5, ,4
3/22/2014,64,36,32,5, ,4
3/23/2014,60,38,8,3, ,6
3/24/2014,63,45,11,2, ,4
3/25/2014,74,78,27,4, ,5
3/26/2014,80,20,10,1, ,4
3/27/2014,28,22,7,3, ,5
3/28/2014,40,33,17,6, ,4
3/29/2014,53,37,5,4, ,6
3/30/2014,59,17,4,1, ,3
3/31/2014,27,25,10,3, ,4
4/1/2014,42,14,12,1, ,5
4/7/2020, ,4,23,9, ,2
1/1/2020, ,30,25,19, ,5
9/25/2019, ,34,38,16,1,3
1/1/2019, ,33,25,20,1,6
9/9/2017, ,27,39,9, ,3
4/3/2017, ,29,32,11, ,2
6/22/2017, ,21,29,15, ,3
2/1/2017, ,36,29,31, ,9
1/5/2016, ,29,26,6, ,5
1/6/2016, ,20,14,7, ,5
1/7/2016, ,15,20,3, ,4
1/8/2016, ,11,24,5, ,3
1/10/2016, ,27,24,13, ,7
1/11/2016, ,27,26,14, ,4
1/12/2016, ,36,17,26, ,8
11/19/2015, ,37,21,38, ,9
11/20/2015, ,42,13,48, ,12
11/21/2015, ,34,31,31, ,10
11/22/2015, ,25,33,25, ,6
11/23/2015, ,31,22,36, ,7
11/24/2015, ,36,27,27, ,8
11/25/2015, ,21,30,16, ,4
11/26/2015, ,22,28,17, ,4
11/27/2015, ,18,27,14, ,4
11/28/2015, ,21,27,22, ,5
11/29/2015, ,22,30,20, ,5
11/30/2015, ,28,23,29, ,7
12/1/2015, ,37,20,36, ,8
12/2/2015, ,28,21,35, ,6
12/3/2015, ,36,12,36, ,8
12/4/2015, ,44,9,36, ,9
12/5/2015, ,29,26,26, ,6
12/6/2015, ,26,27,25, ,6
12/7/2015, ,34,15,38, ,8
12/8/2015, ,44,12,44, ,12
12/9/2015, ,59,6,54, ,15
12/10/2015, ,56,20,30, ,11
12/11/2015, ,20,31,11, ,4
12/12/2015, ,15,30,12, ,3
12/13/2015, ,20,29,17, ,5
12/14/2015, ,11,31,5, ,2
12/15/2015, ,21,23,26, ,7
12/16/2015, ,28,18,30, ,8
12/17/2015, ,32,17,32, ,9
12/18/2015, ,32,17,32, ,9
12/19/2015, ,32,24,24, ,8
12/20/2015, ,18,25,17, ,5
12/21/2015, ,29,15,25, ,6
12/22/2015, ,18,7,11, ,5
12/23/2015, ,23,19,4, ,6
12/24/2015, ,20,23,4, ,4
12/25/2015, ,13,31,3, ,5
12/26/2015, ,19,28,6, ,5
12/27/2015, ,27,27,4, ,6
12/28/2015, ,26,21,4, ,6
12/29/2015, ,25,20,6, ,8
12/30/2015, ,37,18,8, ,8
12/31/2015, ,34,16,8, ,7
1/3/2016, ,31,30,19, ,8
7/31/2015, ,43,37,5, ,4
5/12/2015, ,33,41,1, ,3
6/16/2015, ,47,46,4, ,5
1/1/2015, ,39,4,7, ,10
3/31/2015, ,45,40,6, ,6
12/5/2014, ,38,4,6, ,8
7/25/2014, ,45,8,4, ,4
1/1/2014, ,68,2,10, ,18
2/10/2014, ,877,1,4, ,6
2/11/2014, ,255,1,6, ,10
4/5/2020, , ,21,2, ,1
4/6/2020, , ,27,5, ,1
9/21/2019, , ,53,17,1,5
9/22/2019, , ,50,18,1,6
9/23/2019, , ,37,16,1,4
9/24/2019, , ,30,20,1,6
6/17/2017, , ,60,15,1,3
6/18/2017, , ,48,17,1,3
6/19/2017, , ,36,16,1,4
6/20/2017, , ,42,16,1,4
6/21/2017, , ,38,14,2,4
1/30/2017, , ,27,31,1,7
1/31/2017, , ,19,33,1,10
1/2/2016, , ,22,26, ,6
7/26/2015, , ,30,4, ,3
7/27/2015, , ,32,5, ,2
7/28/2015, , ,39,6, ,4
7/29/2015, , ,41,2, ,4
7/30/2015, , ,37,2, ,4
6/14/2015, , ,42,1, ,4
6/15/2015, , ,42,2, ,5
3/29/2015, , ,46,3, ,4
3/30/2015, , ,47,5, ,5
7/20/2014, , ,10,1, ,3
7/21/2014, , ,6,2, ,4
7/22/2014, , ,5,3, ,5
7/23/2014, , ,3,4, ,6
7/24/2014, , ,4,4, ,6
